Num_Acc;senc;catv;occutc;obs;obsm;choc;manv;num_veh
201700000002;0.0;1;0;0.0;0.0;7.0;1.0;B01
201700000019;0.0;1;0;0.0;2.0;2.0;2.0;B01
201700000022;0.0;1;0;0.0;2.0;1.0;1.0;B01
201700000042;0.0;1;0;0.0;0.0;0.0;2.0;B01
201700000043;2.0;1;0;0.0;1.0;1.0;1.0;A01
201700000058;1.0;1;0;0.0;2.0;1.0;5.0;B01
201700000062;0.0;1;0;0.0;2.0;1.0;1.0;B01
201700000065;0.0;1;0;0.0;0.0;0.0;9.0;C01
201700000092;0.0;1;0;13.0;0.0;7.0;0.0;A01
201700000099;0.0;1;0;0.0;2.0;1.0;0.0;B01
201700000106;0.0;1;0;0.0;0.0;4.0;1.0;B01
201700000107;0.0;1;0;0.0;2.0;1.0;1.0;B01
201700000108;0.0;1;0;0.0;2.0;1.0;1.0;A01
201700000121;1.0;1;0;0.0;2.0;4.0;2.0;B01
201700000159;0.0;1;0;0.0;2.0;1.0;5.0;B01
201700000164;0.0;1;0;0.0;2.0;1.0;5.0;B01
201700000175;0.0;1;0;0.0;2.0;8.0;0.0;B01
201700000181;2.0;1;0;0.0;2.0;1.0;1.0;B01
201700000197;0.0;1;0;0.0;1.0;1.0;1.0;A01
201700000198;0.0;1;0;0.0;2.0;8.0;1.0;B01
201700000200;0.0;1;0;0.0;0.0;0.0;0.0;A01
201700000204;1.0;1;0;0.0;2.0;8.0;13.0;B01
201700000213;1.0;1;0;14.0;2.0;7.0;19.0;B01
201700000220;0.0;1;0;0.0;2.0;8.0;1.0;B01
201700000246;1.0;1;0;0.0;2.0;8.0;19.0;B01
201700000317;0.0;1;0;0.0;2.0;0.0;0.0;B01
201700000328;0.0;1;0;0.0;1.0;1.0;2.0;A01
201700000348;0.0;1;0;0.0;2.0;1.0;1.0;B01
201700000364;1.0;1;0;0.0;2.0;2.0;12.0;A01
201700000386;1.0;1;0;0.0;2.0;1.0;1.0;B01
201700000388;1.0;1;0;0.0;0.0;4.0;1.0;B01
201700000439;0.0;1;0;15.0;0.0;0.0;0.0;A01
201700000469;2.0;1;0;0.0;0.0;4.0;2.0;B01
201700000475;1.0;1;0;0.0;2.0;1.0;1.0;B01
201700000478;1.0;1;0;0.0;2.0;2.0;3.0;C01
201700000478;1.0;1;0;0.0;2.0;0.0;2.0;B01
201700000479;2.0;1;0;0.0;2.0;8.0;1.0;B01
201700000481;1.0;1;0;0.0;2.0;1.0;1.0;B01
201700000492;1.0;1;0;1.0;0.0;1.0;0.0;B01
201700000515;1.0;1;0;0.0;2.0;8.0;1.0;B01
201700000526;1.0;1;0;0.0;0.0;6.0;2.0;B01
201700000529;0.0;1;0;0.0;2.0;1.0;16.0;B01
201700000539;2.0;1;0;0.0;2.0;1.0;1.0;B01
201700000555;1.0;1;0;0.0;2.0;1.0;13.0;A01
201700000562;2.0;1;0;0.0;2.0;4.0;15.0;B01
201700000568;0.0;1;0;0.0;2.0;1.0;1.0;B01
201700000573;0.0;1;0;0.0;2.0;0.0;2.0;C01
201700000573;0.0;1;0;0.0;2.0;0.0;2.0;D01
201700000573;0.0;1;0;0.0;2.0;0.0;2.0;E01
201700000573;0.0;1;0;0.0;2.0;0.0;2.0;F01
201700000573;0.0;1;0;0.0;2.0;0.0;2.0;G01
201700000604;1.0;1;0;0.0;2.0;4.0;0.0;C01
201700000607;2.0;1;0;0.0;2.0;8.0;19.0;A01
201700000608;2.0;1;0;0.0;5.0;1.0;1.0;A01
201700000611;2.0;1;0;0.0;0.0;0.0;1.0;D01
201700000615;0.0;1;0;0.0;2.0;1.0;1.0;B01
201700000636;2.0;1;0;0.0;2.0;1.0;1.0;B01
201700000638;0.0;1;0;0.0;2.0;1.0;1.0;B01
201700000642;2.0;1;0;0.0;2.0;1.0;1.0;B01
201700000643;0.0;1;0;0.0;1.0;2.0;1.0;A01
201700000644;0.0;1;0;0.0;0.0;7.0;1.0;B01
201700000648;0.0;1;0;0.0;2.0;1.0;17.0;A01
201700000656;2.0;1;0;0.0;0.0;3.0;1.0;B01
201700000660;0.0;1;0;0.0;2.0;7.0;1.0;A01
201700000675;0.0;1;0;0.0;2.0;1.0;1.0;B01
201700000684;2.0;1;0;0.0;2.0;2.0;1.0;B01
201700000694;2.0;1;0;0.0;2.0;1.0;2.0;B01
201700000697;0.0;1;0;0.0;2.0;1.0;1.0;B01
201700000707;2.0;1;0;0.0;0.0;7.0;1.0;B01
201700000714;2.0;1;0;0.0;2.0;0.0;1.0;B01
201700000719;0.0;1;0;0.0;2.0;0.0;0.0;A01
201700000727;0.0;1;0;0.0;2.0;6.0;5.0;B01
201700000728;1.0;1;0;0.0;0.0;0.0;0.0;A01
201700000745;1.0;1;0;1.0;0.0;1.0;2.0;A01
201700000757;2.0;1;0;0.0;2.0;1.0;13.0;A01
201700000794;1.0;1;0;0.0;2.0;4.0;2.0;B01
201700000797;1.0;1;0;0.0;9.0;1.0;13.0;A01
201700000809;2.0;1;0;12.0;0.0;7.0;1.0;A01
201700000812;0.0;1;0;0.0;2.0;1.0;5.0;A01
201700000813;0.0;1;0;13.0;0.0;1.0;0.0;A01
201700000830;0.0;1;0;0.0;2.0;3.0;1.0;B01
201700000858;0.0;1;0;0.0;2.0;8.0;2.0;B01
201700000858;0.0;1;0;0.0;9.0;8.0;2.0;C01
201700000874;2.0;1;0;0.0;2.0;4.0;1.0;B01
201700000899;1.0;1;0;0.0;0.0;0.0;0.0;A01
201700000901;2.0;1;0;0.0;2.0;1.0;0.0;B01
201700000902;2.0;1;0;0.0;2.0;2.0;0.0;A01
201700000911;2.0;1;0;0.0;2.0;7.0;21.0;B01
201700000917;2.0;1;0;0.0;2.0;8.0;19.0;B01
201700000948;1.0;1;0;0.0;0.0;8.0;1.0;A01
201700000951;1.0;1;0;0.0;2.0;1.0;1.0;B01
201700000953;0.0;1;0;1.0;2.0;9.0;13.0;A01
201700000953;0.0;1;0;0.0;2.0;9.0;17.0;B01
201700000975;0.0;1;0;0.0;2.0;1.0;1.0;A01
201700000990;0.0;1;0;9.0;0.0;1.0;1.0;A01
201700001004;2.0;1;0;0.0;2.0;4.0;1.0;C01
201700001008;2.0;1;0;0.0;2.0;3.0;13.0;B01
201700001019;0.0;1;0;6.0;0.0;1.0;1.0;A01
201700001033;0.0;1;0;0.0;6.0;1.0;1.0;A01
201700001067;2.0;1;0;0.0;2.0;2.0;1.0;B01
201700001068;0.0;1;0;0.0;0.0;7.0;19.0;B01
201700001070;1.0;1;0;0.0;2.0;1.0;19.0;B01
201700001071;2.0;1;0;0.0;2.0;1.0;13.0;A01
201700001088;0.0;1;0;11.0;0.0;0.0;1.0;A01
201700001100;0.0;1;0;0.0;2.0;4.0;1.0;A01
201700001117;2.0;1;0;0.0;2.0;8.0;1.0;B01
201700001125;1.0;1;0;0.0;2.0;5.0;1.0;B01
201700001132;1.0;1;0;0.0;2.0;4.0;2.0;B01
201700001143;1.0;1;0;0.0;2.0;0.0;2.0;A01
201700001147;1.0;1;0;0.0;2.0;2.0;1.0;B01
201700001158;0.0;1;0;0.0;2.0;4.0;19.0;B01
201700001163;2.0;1;0;0.0;2.0;8.0;19.0;A01
201700001168;1.0;1;0;0.0;0.0;6.0;1.0;B01
201700001176;0.0;1;0;0.0;2.0;1.0;1.0;B01
201700001181;2.0;1;0;0.0;2.0;1.0;19.0;B01
201700001220;2.0;1;0;0.0;2.0;0.0;1.0;B01
201700001225;0.0;1;0;0.0;2.0;8.0;1.0;B01
201700001267;2.0;1;0;0.0;2.0;1.0;1.0;B01
201700001283;1.0;1;0;0.0;9.0;0.0;5.0;B01
201700001285;2.0;1;0;0.0;0.0;4.0;2.0;B01
201700001309;0.0;1;0;0.0;2.0;1.0;1.0;B01
201700001323;1.0;1;0;0.0;2.0;1.0;1.0;A01
201700001355;1.0;1;0;0.0;2.0;7.0;19.0;B01
201700001374;1.0;1;0;0.0;2.0;1.0;15.0;B01
201700001379;1.0;1;0;0.0;2.0;3.0;1.0;B01
201700001433;2.0;1;0;0.0;0.0;4.0;1.0;A01
201700001433;2.0;1;0;0.0;2.0;1.0;1.0;B01
201700001436;2.0;1;0;0.0;2.0;1.0;0.0;B01
201700001438;0.0;1;0;0.0;0.0;0.0;0.0;A01
201700001446;0.0;1;0;12.0;2.0;8.0;1.0;A01
201700001448;0.0;1;0;0.0;0.0;7.0;1.0;B01
201700001455;1.0;1;0;0.0;0.0;8.0;2.0;B01
201700001501;2.0;1;0;0.0;2.0;3.0;1.0;B01
201700001507;2.0;1;0;0.0;2.0;2.0;1.0;B01
201700001508;1.0;1;0;0.0;0.0;0.0;19.0;A01
201700001522;1.0;1;0;0.0;2.0;8.0;19.0;A01
201700001562;1.0;1;0;0.0;2.0;7.0;1.0;A01
201700001608;1.0;1;0;0.0;0.0;4.0;2.0;B01
201700001638;1.0;1;0;0.0;2.0;1.0;1.0;B01
201700001640;2.0;1;0;0.0;5.0;1.0;14.0;B01
201700001640;2.0;1;0;0.0;0.0;0.0;5.0;C01
201700001640;2.0;1;0;0.0;0.0;0.0;5.0;D01
201700001640;2.0;1;0;0.0;2.0;7.0;5.0;E01
201700001648;1.0;1;0;0.0;0.0;0.0;1.0;A01
201700001655;2.0;1;0;0.0;1.0;1.0;17.0;A01
201700001664;2.0;1;0;0.0;2.0;8.0;9.0;A01
201700001671;2.0;1;0;6.0;0.0;1.0;1.0;A01
201700001679;1.0;1;0;15.0;0.0;1.0;1.0;A01
201700001682;1.0;1;0;0.0;2.0;0.0;1.0;B01
201700001698;0.0;1;0;0.0;2.0;1.0;15.0;B02
201700001702;1.0;1;0;0.0;2.0;1.0;13.0;A01
201700001710;0.0;1;0;0.0;2.0;1.0;1.0;B01
201700001727;2.0;1;0;0.0;2.0;8.0;2.0;B01
201700001731;1.0;1;0;4.0;0.0;7.0;1.0;A01
201700001735;0.0;1;0;0.0;2.0;1.0;2.0;A01
201700001738;1.0;1;0;6.0;0.0;1.0;1.0;A01
201700001739;0.0;1;0;0.0;0.0;1.0;0.0;A01
201700001753;0.0;1;0;0.0;0.0;0.0;1.0;A01
201700001777;0.0;1;0;12.0;0.0;1.0;0.0;A01
201700001837;1.0;1;0;0.0;2.0;1.0;1.0;B01
201700001854;0.0;1;0;0.0;2.0;7.0;16.0;B01
201700001856;0.0;1;0;0.0;2.0;1.0;1.0;B01
201700001857;0.0;1;0;0.0;0.0;2.0;19.0;B01
201700001858;0.0;1;0;0.0;2.0;5.0;1.0;B01
201700001873;1.0;1;0;0.0;2.0;7.0;1.0;B01
201700001878;1.0;1;0;1.0;0.0;1.0;2.0;B01
201700001888;0.0;1;0;14.0;0.0;1.0;1.0;A01
201700001899;0.0;1;0;0.0;2.0;1.0;1.0;B01
201700001928;1.0;1;0;0.0;2.0;0.0;19.0;A01
201700001947;2.0;1;0;0.0;2.0;8.0;1.0;B01
201700001954;2.0;1;0;0.0;0.0;8.0;1.0;A01
201700001965;1.0;1;0;0.0;2.0;1.0;3.0;B01
201700001973;1.0;1;0;0.0;2.0;3.0;15.0;B01
201700001995;2.0;1;0;0.0;2.0;8.0;1.0;B01
201700002015;1.0;1;0;0.0;2.0;8.0;15.0;B01
201700002036;0.0;1;0;0.0;2.0;1.0;19.0;B01
201700002054;2.0;1;0;0.0;2.0;5.0;0.0;B01
201700002086;1.0;1;0;0.0;2.0;1.0;1.0;A01
201700002093;2.0;1;0;0.0;2.0;8.0;13.0;B01
201700002119;0.0;1;0;0.0;2.0;3.0;16.0;A01
201700002120;0.0;1;0;0.0;0.0;0.0;1.0;A01
201700002137;2.0;1;0;0.0;0.0;2.0;1.0;A01
201700002138;0.0;1;0;0.0;2.0;3.0;19.0;A01
201700002155;2.0;1;0;0.0;2.0;1.0;1.0;B01
201700002169;1.0;1;0;0.0;2.0;4.0;1.0;B01
201700002190;0.0;1;0;0.0;2.0;1.0;1.0;B01
201700002215;0.0;1;0;0.0;2.0;8.0;2.0;B01
201700002243;2.0;1;0;1.0;0.0;1.0;1.0;B01
201700002247;2.0;1;0;0.0;2.0;8.0;15.0;A01
201700002259;1.0;1;0;0.0;2.0;0.0;15.0;B01
201700002262;2.0;1;0;0.0;2.0;7.0;1.0;B01
201700002265;2.0;1;0;0.0;2.0;8.0;19.0;B01
201700002266;0.0;1;0;0.0;2.0;1.0;1.0;B01
201700002267;0.0;1;0;0.0;0.0;4.0;1.0;A01
201700002274;2.0;1;0;1.0;0.0;1.0;2.0;B01
201700002275;0.0;1;0;0.0;9.0;1.0;1.0;A01
201700002275;0.0;1;0;0.0;9.0;1.0;1.0;B01
201700002276;0.0;1;0;0.0;2.0;1.0;1.0;B01
201700002282;0.0;1;0;0.0;2.0;1.0;2.0;B01
201700002288;2.0;1;0;0.0;2.0;8.0;13.0;A01
201700002295;2.0;1;0;3.0;0.0;1.0;1.0;A01
201700002297;2.0;1;0;0.0;2.0;1.0;2.0;A01
201700002305;1.0;1;0;0.0;0.0;8.0;1.0;A01
201700002305;2.0;1;0;0.0;0.0;3.0;1.0;B01
201700002305;2.0;1;0;0.0;2.0;1.0;1.0;C01
201700002313;2.0;1;0;0.0;2.0;1.0;1.0;B01
201700002316;0.0;1;0;0.0;5.0;1.0;1.0;A01
201700002320;2.0;1;0;0.0;2.0;4.0;13.0;B01
201700002321;0.0;1;0;0.0;2.0;8.0;1.0;B01
201700002325;1.0;1;0;0.0;2.0;1.0;19.0;B01
201700002328;2.0;1;0;0.0;5.0;1.0;1.0;A01
201700002331;2.0;1;0;14.0;0.0;1.0;1.0;A01
201700002335;2.0;1;0;0.0;2.0;0.0;0.0;B01
201700002340;1.0;1;0;0.0;0.0;0.0;0.0;A01
201700002343;1.0;1;0;0.0;0.0;8.0;2.0;B01
201700002347;1.0;1;0;0.0;0.0;0.0;1.0;A01
201700002353;0.0;1;0;0.0;2.0;4.0;1.0;B01
201700002354;1.0;1;0;0.0;2.0;3.0;1.0;B01
201700002357;0.0;1;0;5.0;0.0;1.0;0.0;A01
201700002362;2.0;1;0;0.0;1.0;3.0;1.0;A01
201700002366;1.0;1;0;0.0;2.0;1.0;16.0;B01
201700002370;2.0;1;0;0.0;2.0;1.0;1.0;B01
201700002374;2.0;1;0;0.0;0.0;0.0;1.0;A01
201700002375;1.0;1;0;0.0;0.0;0.0;1.0;A01
201700002376;1.0;1;0;0.0;2.0;7.0;1.0;B01
201700002385;1.0;1;0;0.0;2.0;7.0;1.0;B01
201700002389;2.0;1;0;0.0;2.0;1.0;1.0;B01
201700002428;2.0;1;0;0.0;2.0;0.0;16.0;B01
201700002433;0.0;1;0;0.0;2.0;8.0;15.0;B01
201700002435;1.0;1;0;0.0;0.0;4.0;1.0;B01
201700002442;1.0;1;0;0.0;2.0;3.0;15.0;B01
201700002455;0.0;1;0;0.0;2.0;8.0;19.0;B01
201700002510;2.0;1;0;0.0;9.0;4.0;1.0;B01
201700002527;1.0;1;0;0.0;2.0;0.0;1.0;A01
201700002541;1.0;1;0;0.0;0.0;0.0;1.0;A01
201700002548;2.0;1;0;0.0;2.0;7.0;2.0;B01
201700002567;0.0;1;0;0.0;0.0;7.0;17.0;A01
201700002567;0.0;1;0;0.0;0.0;8.0;0.0;B01
201700002573;0.0;1;0;0.0;2.0;1.0;1.0;B01
201700002574;2.0;1;0;0.0;2.0;1.0;1.0;B01
201700002579;0.0;1;0;0.0;4.0;7.0;1.0;A01
201700002581;1.0;1;0;0.0;2.0;4.0;1.0;B01
201700002604;2.0;1;0;0.0;2.0;1.0;1.0;B01
201700002612;1.0;1;0;0.0;2.0;8.0;2.0;B01
201700002612;1.0;1;0;0.0;2.0;8.0;2.0;C01
201700002645;2.0;1;0;0.0;2.0;8.0;3.0;A01
201700002647;2.0;1;0;0.0;2.0;1.0;2.0;A01
201700002647;2.0;1;0;0.0;2.0;8.0;10.0;B01
201700002654;1.0;1;0;0.0;2.0;8.0;1.0;B01
201700002656;1.0;1;0;0.0;2.0;8.0;2.0;B01
201700002657;2.0;1;0;0.0;0.0;0.0;1.0;A01
201700002666;2.0;1;0;0.0;2.0;1.0;0.0;C01
201700002666;2.0;1;0;0.0;2.0;1.0;18.0;B01
201700002671;0.0;1;0;0.0;2.0;1.0;1.0;B01
201700002691;0.0;1;0;0.0;2.0;3.0;1.0;B01
201700002694;2.0;1;0;0.0;2.0;8.0;1.0;B01
201700002706;2.0;1;0;0.0;0.0;4.0;1.0;A01
201700002710;0.0;1;0;0.0;2.0;4.0;1.0;B01
201700002714;0.0;1;0;0.0;2.0;1.0;13.0;B01
201700002718;0.0;1;0;0.0;2.0;1.0;1.0;B01
201700002722;2.0;1;0;0.0;2.0;1.0;1.0;B01
201700002746;1.0;1;0;0.0;2.0;4.0;2.0;B01
201700002751;2.0;1;0;0.0;2.0;8.0;1.0;C01
201700002753;0.0;1;0;0.0;2.0;2.0;21.0;A01
201700002756;2.0;1;0;0.0;2.0;7.0;13.0;B01
201700002759;1.0;1;0;0.0;2.0;1.0;19.0;A01
201700002760;1.0;1;0;0.0;2.0;4.0;2.0;B01
201700002764;1.0;1;0;0.0;2.0;2.0;1.0;B01
201700002775;2.0;1;0;0.0;2.0;3.0;2.0;B01
201700002777;1.0;1;0;0.0;2.0;4.0;2.0;B01
201700002791;2.0;1;0;0.0;2.0;3.0;1.0;B01
201700002832;2.0;1;0;0.0;0.0;0.0;0.0;B01
201700002844;2.0;1;0;0.0;9.0;0.0;15.0;B01
201700002853;1.0;1;0;0.0;2.0;1.0;1.0;B01
201700002856;1.0;1;0;0.0;2.0;1.0;1.0;B01
201700002862;1.0;1;0;0.0;2.0;0.0;1.0;B01
201700002869;1.0;1;0;0.0;2.0;8.0;1.0;B01
201700002873;2.0;1;0;0.0;2.0;0.0;4.0;B01
201700002877;2.0;1;0;0.0;2.0;6.0;19.0;B01
201700002886;0.0;1;0;0.0;2.0;7.0;0.0;B01
201700002898;0.0;1;0;0.0;2.0;1.0;0.0;B01
201700002928;2.0;1;0;0.0;9.0;1.0;2.0;A01
201700002928;2.0;1;0;0.0;9.0;4.0;2.0;B01
201700002929;2.0;1;0;0.0;2.0;8.0;1.0;B01
201700002930;0.0;1;0;0.0;2.0;1.0;19.0;A01
201700002930;0.0;1;0;0.0;2.0;1.0;1.0;B01
201700002948;1.0;1;0;0.0;2.0;1.0;0.0;B01
201700002959;0.0;1;0;0.0;2.0;4.0;1.0;B01
201700002964;0.0;1;0;0.0;2.0;1.0;1.0;B01
201700002978;0.0;1;0;0.0;2.0;0.0;0.0;B01
201700002978;0.0;1;0;0.0;0.0;0.0;0.0;Z01
201700002981;0.0;1;0;0.0;0.0;0.0;0.0;A01
201700002983;0.0;1;0;0.0;1.0;0.0;0.0;Z01
201700002993;1.0;1;0;0.0;2.0;1.0;1.0;B01
201700002994;0.0;1;0;0.0;2.0;1.0;5.0;A01
201700003005;1.0;1;0;0.0;2.0;4.0;1.0;B01
201700003013;2.0;1;0;0.0;2.0;1.0;5.0;B01
201700003061;1.0;1;0;0.0;2.0;6.0;2.0;B01
201700003092;0.0;1;0;0.0;2.0;1.0;1.0;B01
201700003099;0.0;1;0;0.0;2.0;7.0;1.0;B01
201700003105;1.0;1;0;0.0;2.0;1.0;1.0;B01
201700003110;0.0;1;0;0.0;2.0;1.0;0.0;B01
201700003119;1.0;1;0;0.0;0.0;0.0;1.0;A01
201700003123;0.0;1;0;0.0;0.0;1.0;1.0;B01
201700003123;0.0;1;0;0.0;0.0;1.0;0.0;A01
201700003126;0.0;1;0;0.0;2.0;4.0;19.0;B01
201700003128;0.0;1;0;0.0;2.0;9.0;16.0;B01
201700003129;0.0;1;0;0.0;2.0;8.0;1.0;B01
201700003132;1.0;1;0;0.0;4.0;7.0;0.0;A01
201700003133;2.0;1;0;0.0;2.0;8.0;19.0;B01
201700003138;1.0;1;0;0.0;2.0;8.0;13.0;B01
201700003139;1.0;1;0;0.0;2.0;1.0;13.0;B01
201700003141;0.0;1;0;0.0;0.0;0.0;1.0;B01
201700003161;1.0;1;0;0.0;2.0;2.0;9.0;B01
201700003166;1.0;1;0;0.0;2.0;1.0;16.0;A01
201700003172;1.0;1;0;0.0;2.0;7.0;19.0;A01
201700003173;0.0;1;0;0.0;0.0;5.0;1.0;B01
201700003203;2.0;1;0;0.0;5.0;1.0;1.0;A01
201700003204;0.0;1;0;0.0;9.0;0.0;0.0;A01
201700003219;1.0;1;0;0.0;2.0;1.0;1.0;B02
201700003231;1.0;1;0;0.0;0.0;2.0;1.0;B01
201700003241;2.0;1;0;0.0;2.0;8.0;2.0;B01
201700003259;0.0;1;0;0.0;0.0;7.0;19.0;A01
201700003284;2.0;1;0;0.0;2.0;8.0;1.0;B01
201700003294;0.0;1;0;0.0;2.0;1.0;0.0;B01
201700003297;0.0;1;0;0.0;2.0;1.0;1.0;B01
201700003303;2.0;1;0;0.0;2.0;7.0;1.0;B01
201700003317;2.0;1;0;0.0;0.0;7.0;16.0;A01
201700003319;2.0;1;0;14.0;0.0;1.0;1.0;A01
201700003330;2.0;1;0;0.0;2.0;1.0;1.0;B01
201700003334;0.0;1;0;0.0;0.0;7.0;19.0;B01
201700003335;0.0;1;0;0.0;0.0;8.0;15.0;B01
201700003341;1.0;1;0;7.0;0.0;1.0;1.0;A01
201700003346;2.0;1;0;0.0;2.0;1.0;15.0;B01
201700003350;2.0;1;0;0.0;0.0;8.0;1.0;B01
201700003357;1.0;1;0;0.0;0.0;7.0;1.0;B01
201700003362;2.0;1;0;0.0;0.0;8.0;1.0;B01
201700003369;2.0;1;0;7.0;0.0;1.0;1.0;A01
201700003370;1.0;1;0;0.0;2.0;3.0;13.0;A01
201700003371;1.0;1;0;0.0;0.0;9.0;1.0;A01
201700003428;1.0;1;0;0.0;2.0;4.0;23.0;C01
201700003428;1.0;1;0;0.0;2.0;0.0;23.0;B01
201700003439;1.0;1;0;0.0;2.0;7.0;15.0;B01
201700003450;1.0;1;0;0.0;0.0;0.0;0.0;A01
201700003463;2.0;1;0;11.0;0.0;0.0;1.0;A01
201700003560;2.0;1;0;0.0;0.0;4.0;2.0;B01
201700003587;2.0;1;0;13.0;0.0;0.0;1.0;B01
201700003588;1.0;1;0;0.0;0.0;8.0;0.0;B01
201700003595;2.0;1;0;0.0;2.0;1.0;5.0;A01
201700003605;1.0;1;0;0.0;2.0;1.0;9.0;A01
201700003609;1.0;1;0;0.0;2.0;4.0;1.0;B01
201700003614;1.0;1;0;0.0;2.0;1.0;6.0;B01
201700003620;2.0;1;0;0.0;0.0;7.0;1.0;A01
201700003627;1.0;1;0;0.0;2.0;6.0;1.0;A01
201700003638;2.0;1;0;0.0;2.0;1.0;1.0;B01
201700003646;0.0;1;0;0.0;2.0;1.0;1.0;A01
201700003646;0.0;1;0;0.0;2.0;3.0;2.0;B01
201700003740;0.0;1;0;0.0;0.0;7.0;1.0;A01
201700003746;2.0;1;0;0.0;2.0;2.0;1.0;A01
201700003748;0.0;1;0;0.0;2.0;7.0;0.0;B01
201700003752;0.0;1;0;0.0;2.0;4.0;2.0;B01
201700003765;0.0;1;0;0.0;2.0;2.0;1.0;B01
201700003768;0.0;1;0;0.0;2.0;1.0;1.0;B01
201700003806;0.0;1;0;0.0;2.0;1.0;3.0;A01
201700003814;0.0;1;0;0.0;2.0;1.0;1.0;A01
201700003857;0.0;1;0;0.0;0.0;4.0;2.0;D01
201700003857;0.0;1;0;0.0;0.0;0.0;2.0;C01
201700003857;0.0;1;0;0.0;0.0;4.0;2.0;E01
201700003857;0.0;1;0;0.0;0.0;4.0;2.0;F01
201700003857;0.0;1;0;0.0;2.0;4.0;1.0;B01
201700003884;2.0;1;0;0.0;0.0;6.0;2.0;B01
201700003909;2.0;1;0;0.0;2.0;8.0;14.0;B01
201700003921;2.0;1;0;0.0;0.0;8.0;23.0;B01
201700003925;1.0;1;0;0.0;2.0;1.0;1.0;B01
201700003957;0.0;1;0;0.0;2.0;0.0;21.0;B01
201700003972;0.0;1;0;0.0;1.0;1.0;1.0;A01
201700003986;0.0;1;0;0.0;2.0;1.0;0.0;B01
201700004021;2.0;1;0;0.0;2.0;1.0;1.0;B01
201700004069;2.0;1;0;0.0;2.0;1.0;1.0;A01
201700004077;0.0;1;0;0.0;2.0;7.0;19.0;B01
201700004104;1.0;1;0;0.0;0.0;0.0;1.0;A01
201700004126;1.0;1;0;0.0;1.0;1.0;1.0;A01
201700004151;0.0;1;0;0.0;2.0;1.0;15.0;B01
201700004195;1.0;1;0;0.0;0.0;4.0;1.0;B01
201700004209;0.0;1;0;0.0;0.0;0.0;2.0;B01
201700004238;0.0;1;0;0.0;2.0;7.0;19.0;B01
201700004242;0.0;1;0;0.0;2.0;1.0;19.0;B01
201700004250;2.0;1;0;0.0;0.0;7.0;15.0;B01
201700004280;2.0;1;0;0.0;0.0;4.0;1.0;A01
201700004283;1.0;1;0;12.0;0.0;8.0;1.0;A01
201700004293;2.0;1;0;0.0;2.0;1.0;13.0;B01
201700004302;0.0;1;0;0.0;2.0;0.0;1.0;B01
201700004306;0.0;1;0;0.0;2.0;1.0;15.0;B01
201700004309;1.0;1;0;0.0;2.0;4.0;2.0;B01
201700004309;1.0;1;0;0.0;2.0;8.0;2.0;C01
201700004340;0.0;1;0;0.0;2.0;1.0;1.0;B01
201700004343;0.0;1;0;0.0;2.0;7.0;1.0;B01
201700004346;0.0;1;0;0.0;2.0;4.0;1.0;B01
201700004356;0.0;1;0;0.0;2.0;1.0;19.0;A01
201700004359;0.0;1;0;0.0;2.0;7.0;19.0;B01
201700004372;0.0;1;0;0.0;0.0;0.0;1.0;A01
201700004381;0.0;1;0;0.0;2.0;1.0;1.0;B01
201700004390;1.0;1;0;0.0;2.0;4.0;2.0;B01