Num_Acc;senc;catv;occutc;obs;obsm;choc;manv;num_veh
201700012826;2.0;1;0;0.0;2.0;1.0;1.0;B01
201700012832;0.0;1;0;0.0;2.0;1.0;1.0;B01
201700012835;1.0;1;0;0.0;2.0;1.0;1.0;B01
201700012872;2.0;1;0;0.0;2.0;1.0;1.0;B01
201700012897;0.0;1;0;0.0;2.0;4.0;1.0;B01
201700012920;2.0;1;0;0.0;2.0;6.0;15.0;B01
201700012921;1.0;1;0;0.0;2.0;7.0;1.0;B01
201700012923;2.0;1;0;0.0;2.0;6.0;2.0;B01
201700012934;2.0;1;0;0.0;2.0;3.0;1.0;B01
201700012936;2.0;1;0;0.0;2.0;7.0;1.0;B01
201700012939;1.0;1;0;0.0;2.0;1.0;19.0;B01
201700012952;2.0;1;0;0.0;0.0;0.0;0.0;B01
201700012957;0.0;1;0;0.0;2.0;8.0;19.0;B01
201700012973;0.0;1;0;0.0;2.0;0.0;16.0;B01
201700012978;1.0;1;0;0.0;2.0;5.0;19.0;B01
201700012987;2.0;1;0;0.0;2.0;8.0;1.0;B01
201700013009;1.0;1;0;0.0;2.0;3.0;1.0;B01
201700013016;2.0;1;0;0.0;2.0;8.0;15.0;B01
201700013023;0.0;1;0;0.0;0.0;0.0;0.0;A01
201700013032;2.0;1;0;0.0;2.0;1.0;15.0;B01
201700013081;1.0;1;0;0.0;0.0;8.0;1.0;B01
201700013099;2.0;1;0;0.0;0.0;4.0;1.0;B01
201700013118;0.0;1;0;0.0;2.0;1.0;9.0;B01
201700013130;1.0;1;0;0.0;2.0;2.0;17.0;A01
201700013130;1.0;1;0;0.0;2.0;3.0;1.0;B01
201700013195;0.0;1;0;0.0;2.0;1.0;16.0;B01
201700013210;0.0;1;0;0.0;2.0;1.0;0.0;B01
201700013234;0.0;1;0;10.0;0.0;0.0;0.0;A01
201700013235;1.0;1;0;6.0;0.0;2.0;0.0;A01
201700013254;2.0;1;0;0.0;0.0;8.0;2.0;B01
201700013284;0.0;1;0;0.0;2.0;0.0;1.0;A01
201700013332;0.0;1;0;0.0;2.0;1.0;1.0;B01
201700013392;1.0;1;0;0.0;2.0;3.0;13.0;A01
201700013398;1.0;1;0;0.0;2.0;8.0;19.0;B01
201700013435;2.0;1;0;0.0;2.0;1.0;16.0;B01
201700013444;2.0;1;0;0.0;2.0;1.0;19.0;A01
201700013553;1.0;1;0;0.0;2.0;1.0;16.0;B01
201700013563;1.0;1;0;1.0;0.0;1.0;2.0;A01
201700013569;0.0;1;0;0.0;1.0;1.0;5.0;A01
201700013588;2.0;1;0;0.0;2.0;1.0;19.0;B01
201700013593;0.0;1;0;0.0;2.0;1.0;0.0;A01
201700013604;1.0;1;0;0.0;2.0;4.0;2.0;B01
201700013634;1.0;1;0;14.0;0.0;1.0;1.0;A01
201700013663;2.0;1;0;0.0;0.0;8.0;1.0;B01
201700013676;1.0;1;0;0.0;2.0;2.0;19.0;B01
201700013681;1.0;1;0;0.0;2.0;7.0;1.0;B01
201700013683;1.0;1;0;0.0;2.0;8.0;15.0;A01
201700013731;1.0;1;0;0.0;0.0;0.0;1.0;A01
201700013732;0.0;1;0;0.0;9.0;1.0;14.0;A01
201700013750;0.0;1;0;1.0;0.0;1.0;1.0;A01
201700013753;0.0;1;0;0.0;9.0;1.0;1.0;C01
201700013753;0.0;1;0;0.0;9.0;1.0;1.0;B01
201700013808;1.0;1;0;0.0;2.0;1.0;1.0;B01
201700013810;0.0;1;0;0.0;2.0;1.0;21.0;B01
201700013818;2.0;1;0;0.0;2.0;0.0;2.0;B01
201700013827;0.0;1;0;0.0;2.0;1.0;18.0;A01
201700013839;1.0;1;0;0.0;2.0;1.0;1.0;B01
201700013840;2.0;1;0;0.0;2.0;1.0;15.0;A01
201700013844;1.0;1;0;0.0;2.0;2.0;13.0;B01
201700013855;0.0;1;0;0.0;0.0;1.0;1.0;A01
201700013856;2.0;1;0;0.0;2.0;1.0;13.0;A01
201700013879;0.0;1;0;0.0;2.0;1.0;13.0;A01
201700013887;1.0;1;0;0.0;2.0;7.0;1.0;B01
201700013901;1.0;1;0;0.0;2.0;1.0;1.0;B01
201700013908;0.0;1;0;0.0;0.0;0.0;1.0;A01
201700013925;2.0;1;0;0.0;2.0;1.0;1.0;B01
201700013943;2.0;1;0;0.0;2.0;1.0;1.0;A01
201700013950;1.0;1;0;0.0;2.0;8.0;2.0;B01
201700013956;1.0;1;0;0.0;2.0;1.0;1.0;B01
201700013957;1.0;1;0;13.0;0.0;0.0;0.0;A01
201700013959;1.0;1;0;0.0;2.0;8.0;9.0;A01
201700013963;1.0;1;0;0.0;2.0;4.0;2.0;B01
201700013997;0.0;1;0;0.0;0.0;0.0;0.0;A01
201700014005;1.0;1;0;0.0;0.0;4.0;1.0;B01
201700014017;1.0;1;0;0.0;2.0;1.0;1.0;A01
201700014017;1.0;1;0;0.0;2.0;1.0;1.0;B01
201700014068;2.0;1;0;12.0;0.0;4.0;2.0;B01
201700014076;0.0;1;0;0.0;0.0;2.0;0.0;B01
201700014082;0.0;1;0;16.0;0.0;7.0;5.0;A01
201700014083;0.0;1;0;0.0;2.0;8.0;1.0;B01
201700014086;0.0;1;0;8.0;0.0;1.0;1.0;A01
201700014097;1.0;1;0;0.0;2.0;1.0;1.0;B01
201700014140;0.0;1;0;0.0;2.0;0.0;0.0;B01
201700014147;0.0;1;0;0.0;2.0;1.0;19.0;B01
201700014158;1.0;1;0;0.0;2.0;1.0;13.0;B01
201700014159;2.0;1;0;0.0;2.0;8.0;2.0;B01
201700014162;0.0;1;0;0.0;2.0;1.0;0.0;B01
201700014207;0.0;1;0;0.0;2.0;8.0;15.0;B01
201700014254;1.0;1;0;0.0;0.0;0.0;0.0;A01
201700014280;1.0;1;0;13.0;0.0;1.0;0.0;A01
201700014289;2.0;1;0;0.0;2.0;0.0;0.0;B01
201700014316;1.0;1;0;0.0;0.0;4.0;1.0;B01
201700014323;2.0;1;0;0.0;2.0;8.0;15.0;B01
201700014331;0.0;1;0;0.0;2.0;7.0;19.0;B01
201700014340;0.0;1;0;0.0;2.0;8.0;1.0;B01
201700014385;0.0;1;0;0.0;2.0;8.0;1.0;B01
201700014416;1.0;1;0;0.0;2.0;1.0;1.0;B01
201700014426;0.0;1;0;0.0;2.0;1.0;1.0;B01
201700014441;1.0;1;0;0.0;2.0;3.0;2.0;A01
201700014441;1.0;1;0;0.0;2.0;5.0;2.0;B01
201700014448;1.0;1;0;0.0;0.0;7.0;1.0;A01
201700014458;0.0;1;0;0.0;2.0;1.0;5.0;B01
201700014473;1.0;1;0;0.0;0.0;0.0;1.0;A01
201700014476;1.0;1;0;0.0;2.0;4.0;17.0;B01
201700014479;1.0;1;0;0.0;2.0;7.0;1.0;B01
201700014496;0.0;1;0;0.0;2.0;3.0;11.0;A01
201700014519;2.0;1;0;0.0;2.0;8.0;2.0;B01
201700014545;2.0;1;0;13.0;0.0;9.0;14.0;A01
201700014554;2.0;1;0;0.0;2.0;1.0;2.0;B01
201700014557;1.0;1;0;0.0;9.0;0.0;1.0;A01
201700014557;1.0;1;0;0.0;9.0;8.0;2.0;B01
201700014602;1.0;1;0;0.0;2.0;1.0;19.0;A01
201700014636;1.0;1;0;0.0;2.0;7.0;21.0;B01
201700014646;2.0;1;0;0.0;2.0;6.0;15.0;A01
201700014677;0.0;1;0;0.0;2.0;1.0;0.0;B01
201700014684;1.0;1;0;0.0;0.0;8.0;1.0;B01
201700014692;1.0;1;0;0.0;2.0;8.0;19.0;A01
201700014702;1.0;1;0;1.0;0.0;1.0;2.0;A01
201700014703;2.0;1;0;0.0;2.0;8.0;15.0;A01
201700014719;0.0;1;0;0.0;2.0;8.0;19.0;B01
201700014730;0.0;1;0;0.0;2.0;3.0;1.0;B01
201700014736;0.0;1;0;0.0;2.0;3.0;1.0;B01
201700014771;2.0;1;0;0.0;0.0;0.0;2.0;A01
201700014777;2.0;1;0;6.0;0.0;1.0;1.0;A01
201700014804;2.0;1;0;0.0;2.0;1.0;17.0;B01
201700014810;2.0;1;0;0.0;2.0;1.0;1.0;B01
201700014818;0.0;1;0;0.0;2.0;1.0;1.0;B01
201700014851;1.0;1;0;0.0;9.0;8.0;2.0;C01
201700014851;1.0;1;0;0.0;2.0;8.0;2.0;B01
201700014872;2.0;1;0;0.0;2.0;3.0;1.0;C01
201700014902;0.0;1;0;0.0;0.0;7.0;16.0;A01
201700014911;2.0;1;0;0.0;2.0;7.0;1.0;B01
201700014917;2.0;1;0;0.0;2.0;1.0;1.0;B01
201700014917;2.0;1;0;0.0;2.0;1.0;1.0;C01
201700014965;1.0;1;0;0.0;5.0;1.0;1.0;A01
201700014979;0.0;1;0;0.0;2.0;2.0;15.0;B01
201700014987;0.0;1;0;0.0;2.0;1.0;1.0;A01
201700014996;1.0;1;0;0.0;0.0;4.0;1.0;B01
201700014999;0.0;1;0;1.0;0.0;1.0;1.0;B01
201700015007;1.0;1;0;0.0;2.0;3.0;15.0;B01
201700015114;1.0;1;0;0.0;2.0;2.0;1.0;B01
201700015126;2.0;1;0;0.0;2.0;7.0;1.0;B01
201700015129;2.0;1;0;0.0;2.0;8.0;1.0;A01
201700015139;1.0;1;0;0.0;2.0;8.0;1.0;B01
201700015146;1.0;1;0;0.0;2.0;1.0;1.0;B01
201700015155;1.0;1;0;0.0;2.0;8.0;2.0;B01
201700015167;0.0;1;0;0.0;2.0;1.0;1.0;A01
201700015187;2.0;1;0;0.0;2.0;4.0;2.0;C01
201700015187;2.0;1;0;0.0;2.0;4.0;2.0;B01
201700015228;1.0;1;0;0.0;2.0;1.0;1.0;B01
201700015260;0.0;1;0;0.0;2.0;8.0;2.0;B01
201700015267;0.0;1;0;0.0;2.0;8.0;19.0;B01
201700015273;2.0;1;0;0.0;2.0;8.0;15.0;B01
201700015277;0.0;1;0;0.0;0.0;0.0;16.0;A01
201700015281;1.0;1;0;0.0;2.0;0.0;0.0;A01
201700015281;2.0;1;0;0.0;2.0;0.0;0.0;B01
201700015295;2.0;1;0;0.0;2.0;8.0;1.0;B01
201700015350;2.0;1;0;0.0;2.0;1.0;0.0;B01
201700015375;2.0;1;0;0.0;0.0;4.0;1.0;B01
201700015375;2.0;1;0;0.0;0.0;4.0;1.0;C01
201700015378;2.0;1;0;0.0;2.0;1.0;1.0;B01
201700015383;2.0;1;0;0.0;2.0;7.0;1.0;B01
201700015418;2.0;1;0;0.0;2.0;3.0;0.0;B01
201700015428;0.0;1;0;0.0;2.0;3.0;15.0;A01
201700015459;0.0;1;0;0.0;2.0;1.0;1.0;B01
201700015461;2.0;1;0;0.0;2.0;4.0;6.0;B01
201700015462;0.0;1;0;0.0;2.0;4.0;1.0;B01
201700015469;0.0;1;0;0.0;2.0;1.0;1.0;B01
201700015473;2.0;1;0;0.0;2.0;8.0;1.0;B01
201700015484;0.0;1;0;0.0;2.0;3.0;2.0;B01
201700015484;0.0;1;0;0.0;2.0;8.0;2.0;C01
201700015490;1.0;1;0;0.0;0.0;0.0;0.0;A01
201700015506;2.0;1;0;0.0;2.0;1.0;1.0;B01
201700015510;1.0;1;0;0.0;2.0;8.0;2.0;B01
201700015513;2.0;1;0;0.0;9.0;0.0;2.0;B01
201700015521;0.0;1;0;0.0;0.0;8.0;1.0;B01
201700015527;0.0;1;0;0.0;2.0;3.0;0.0;B01
201700015550;2.0;1;0;0.0;2.0;3.0;15.0;B01
201700015556;2.0;1;0;0.0;2.0;1.0;1.0;B01
201700015583;2.0;1;0;0.0;0.0;4.0;13.0;A01
201700015586;1.0;1;0;0.0;2.0;4.0;2.0;A01
201700015629;1.0;1;0;13.0;0.0;0.0;1.0;A01
201700015631;0.0;1;0;0.0;2.0;1.0;9.0;B01
201700015632;2.0;1;0;0.0;2.0;1.0;1.0;B01
201700015646;1.0;1;0;12.0;0.0;1.0;1.0;A01
201700015649;2.0;1;0;0.0;2.0;1.0;13.0;C01
201700015649;2.0;1;0;15.0;0.0;1.0;13.0;B01
201700015654;0.0;1;0;0.0;2.0;1.0;1.0;B01
201700015704;1.0;1;0;0.0;2.0;1.0;15.0;B01
201700015721;0.0;1;0;0.0;2.0;8.0;15.0;B01
201700015745;2.0;1;0;0.0;2.0;8.0;2.0;B01
201700015747;1.0;1;0;0.0;0.0;0.0;1.0;A01
201700015748;1.0;1;0;0.0;2.0;8.0;2.0;B01
201700015756;1.0;1;0;0.0;2.0;3.0;1.0;A01
201700015762;1.0;1;0;0.0;2.0;1.0;2.0;A01
201700015762;1.0;1;0;0.0;2.0;4.0;2.0;B01
201700015789;1.0;1;0;0.0;2.0;9.0;1.0;B01
201700015826;1.0;1;0;0.0;2.0;1.0;13.0;B01
201700015827;2.0;1;0;0.0;2.0;4.0;13.0;B02
201700015829;2.0;1;0;13.0;0.0;1.0;13.0;A01
201700015832;2.0;1;0;0.0;0.0;0.0;1.0;A01
201700015833;2.0;1;0;13.0;0.0;1.0;21.0;A01
201700015834;2.0;1;0;0.0;0.0;0.0;0.0;A01
201700015838;2.0;1;0;0.0;2.0;8.0;15.0;B01
201700015839;2.0;1;0;0.0;2.0;1.0;1.0;B01
201700015840;1.0;1;0;0.0;0.0;3.0;13.0;A01
201700015842;2.0;1;0;2.0;0.0;1.0;1.0;A01
201700015843;2.0;1;0;0.0;2.0;4.0;2.0;A01
201700015852;0.0;1;0;0.0;2.0;1.0;16.0;B01
201700015867;2.0;1;0;0.0;2.0;4.0;1.0;B01
201700015878;0.0;1;0;6.0;0.0;1.0;1.0;A01
201700015884;2.0;1;0;0.0;2.0;7.0;15.0;A01
201700015885;1.0;1;0;0.0;2.0;7.0;9.0;A01
201700015899;0.0;1;0;0.0;2.0;8.0;19.0;B01
201700015903;2.0;1;0;0.0;2.0;4.0;2.0;B01
201700015907;1.0;1;0;0.0;2.0;1.0;19.0;A01
201700015909;0.0;1;0;0.0;2.0;8.0;15.0;B01
201700015947;0.0;1;0;0.0;2.0;8.0;19.0;A01
201700015948;1.0;1;0;1.0;0.0;1.0;2.0;B01
201700015951;1.0;1;0;0.0;0.0;4.0;1.0;A01
201700015969;2.0;1;0;0.0;2.0;3.0;13.0;A01
201700016003;1.0;1;0;0.0;9.0;1.0;1.0;B01
201700016006;0.0;1;0;0.0;5.0;0.0;1.0;A01
201700016038;2.0;1;0;0.0;2.0;8.0;13.0;A01
201700016039;2.0;1;0;0.0;2.0;1.0;1.0;A01
201700016041;0.0;1;0;0.0;0.0;6.0;1.0;A01
201700016042;1.0;1;0;0.0;2.0;5.0;1.0;B01
201700016043;0.0;1;0;0.0;2.0;1.0;1.0;B01
201700016045;2.0;1;0;0.0;2.0;3.0;1.0;B01
201700016046;2.0;1;0;0.0;2.0;1.0;1.0;B01
201700016050;2.0;1;0;0.0;1.0;1.0;1.0;A01
201700016051;1.0;1;0;0.0;2.0;4.0;1.0;B01
201700016055;1.0;1;0;0.0;2.0;1.0;21.0;B01
201700016056;1.0;1;0;0.0;2.0;1.0;1.0;B01
201700016058;2.0;1;0;0.0;2.0;1.0;1.0;B01
201700016061;2.0;1;0;0.0;9.0;1.0;1.0;A01
201700016082;0.0;1;0;0.0;2.0;1.0;1.0;B01
201700016083;2.0;1;0;13.0;0.0;1.0;1.0;A01
201700016090;0.0;1;0;0.0;2.0;2.0;19.0;B01
201700016091;1.0;1;0;0.0;2.0;1.0;13.0;A01
201700016096;0.0;1;0;0.0;2.0;7.0;19.0;A01
201700016099;2.0;1;0;0.0;2.0;1.0;1.0;B01
201700016109;0.0;1;0;0.0;2.0;1.0;1.0;A01
201700016117;0.0;1;0;0.0;2.0;8.0;15.0;A01
201700016117;0.0;1;0;0.0;2.0;3.0;15.0;B01
201700016118;0.0;1;0;0.0;0.0;0.0;0.0;A01
201700016128;1.0;1;0;0.0;0.0;4.0;1.0;B01
201700016142;2.0;1;0;0.0;2.0;8.0;15.0;B01
201700016166;1.0;1;0;0.0;0.0;0.0;1.0;A01
201700016172;0.0;1;0;0.0;2.0;1.0;13.0;A01
201700016227;1.0;1;0;0.0;2.0;4.0;1.0;B01
201700016267;2.0;1;0;0.0;2.0;4.0;1.0;B01
201700016270;0.0;1;0;0.0;1.0;1.0;16.0;A01
201700016272;1.0;1;0;2.0;0.0;9.0;15.0;A01
201700016280;1.0;1;0;0.0;2.0;5.0;15.0;B01
201700016296;2.0;1;0;15.0;5.0;0.0;1.0;A01
201700016303;1.0;1;0;0.0;2.0;4.0;1.0;B01
201700016311;2.0;1;0;0.0;2.0;8.0;1.0;B01
201700016313;1.0;1;0;0.0;2.0;1.0;1.0;B01
201700016352;0.0;1;0;0.0;2.0;7.0;16.0;A01
201700016359;1.0;1;0;0.0;2.0;1.0;0.0;B01
201700016360;1.0;1;0;0.0;2.0;4.0;1.0;B01
201700016364;0.0;1;0;0.0;2.0;1.0;19.0;B01
201700016384;1.0;1;0;0.0;2.0;1.0;1.0;B01
201700016391;0.0;1;0;0.0;2.0;1.0;16.0;B01
201700016403;1.0;1;0;0.0;2.0;3.0;1.0;B01
201700016404;1.0;1;0;0.0;0.0;4.0;0.0;B01
201700016405;1.0;1;0;0.0;2.0;8.0;11.0;B01
201700016406;1.0;1;0;0.0;2.0;8.0;1.0;B01
201700016423;0.0;1;0;0.0;2.0;4.0;1.0;B01
201700016460;2.0;1;0;0.0;0.0;4.0;15.0;A01
201700016461;0.0;1;0;0.0;2.0;7.0;1.0;B01
201700016463;1.0;1;0;1.0;0.0;1.0;1.0;A01
201700016470;1.0;1;0;0.0;2.0;4.0;0.0;A01
201700016473;0.0;1;0;0.0;0.0;0.0;0.0;B01
201700016477;0.0;1;0;0.0;2.0;7.0;1.0;B01
201700016498;0.0;1;0;0.0;1.0;3.0;15.0;B01
201700016505;2.0;1;0;0.0;2.0;1.0;1.0;B01
201700016525;1.0;1;0;0.0;2.0;1.0;1.0;B01
201700016546;0.0;1;0;0.0;0.0;0.0;0.0;A01
201700016548;1.0;1;0;0.0;0.0;0.0;0.0;A01
201700016573;1.0;1;0;0.0;2.0;1.0;1.0;B01
201700016573;1.0;1;0;0.0;2.0;1.0;1.0;C01
201700016590;2.0;1;0;0.0;2.0;7.0;19.0;B01
201700016598;0.0;1;0;16.0;0.0;0.0;13.0;A01
201700016609;0.0;1;0;0.0;2.0;2.0;0.0;B01
201700016620;0.0;1;0;0.0;0.0;0.0;1.0;A01
201700016627;0.0;1;0;0.0;2.0;1.0;1.0;B01
201700016639;0.0;1;0;0.0;2.0;1.0;13.0;A01
201700016648;0.0;1;0;13.0;0.0;1.0;1.0;B01
201700016649;0.0;1;0;0.0;0.0;3.0;1.0;B01
201700016659;0.0;1;0;0.0;0.0;4.0;1.0;B01
201700016669;1.0;1;0;14.0;0.0;1.0;1.0;A01
201700016671;1.0;1;0;0.0;2.0;1.0;1.0;A01
201700016671;2.0;1;0;0.0;2.0;1.0;1.0;B01
201700016684;2.0;1;0;0.0;2.0;7.0;15.0;A01
201700016687;0.0;1;0;0.0;2.0;8.0;1.0;A01
201700016693;0.0;1;0;0.0;2.0;1.0;1.0;B01
201700016694;1.0;1;0;0.0;0.0;4.0;1.0;B01
201700016696;0.0;1;0;0.0;2.0;0.0;1.0;B01
201700016700;0.0;1;0;0.0;2.0;8.0;1.0;A01
201700016709;0.0;1;0;0.0;2.0;1.0;19.0;A01
201700016740;2.0;1;0;0.0;2.0;1.0;2.0;A01
201700016740;2.0;1;0;0.0;0.0;4.0;2.0;B01
201700016767;0.0;1;0;0.0;2.0;7.0;1.0;B01
201700016780;1.0;1;0;0.0;2.0;4.0;2.0;B01
201700016802;0.0;1;0;0.0;0.0;0.0;1.0;B01
201700016833;0.0;1;0;0.0;1.0;3.0;1.0;A01
201700016875;2.0;1;0;0.0;2.0;4.0;2.0;B01
201700016893;0.0;1;0;0.0;2.0;7.0;15.0;B01
201700016898;0.0;1;0;0.0;0.0;8.0;1.0;B01
201700016910;0.0;1;0;0.0;2.0;1.0;1.0;B01
201700016917;0.0;1;0;0.0;2.0;1.0;1.0;A01
201700016964;2.0;1;0;0.0;2.0;7.0;2.0;A01
201700016985;2.0;1;0;0.0;2.0;1.0;13.0;B01
201700016990;2.0;1;0;0.0;2.0;7.0;6.0;B01
201700016996;0.0;1;0;0.0;2.0;1.0;1.0;B01
201700017000;2.0;1;0;0.0;2.0;1.0;1.0;B01
201700017037;2.0;1;0;0.0;2.0;1.0;1.0;B01
201700017056;1.0;1;0;0.0;2.0;0.0;23.0;B01
201700017071;1.0;1;0;0.0;0.0;0.0;1.0;A01
201700017088;1.0;1;0;0.0;2.0;1.0;1.0;B01
201700017089;2.0;1;0;0.0;2.0;4.0;12.0;B01
201700017106;2.0;1;0;0.0;2.0;4.0;11.0;B01
201700017113;2.0;1;0;6.0;0.0;1.0;21.0;B01
201700017127;1.0;1;0;0.0;2.0;6.0;1.0;B01
201700017143;2.0;1;0;0.0;2.0;1.0;16.0;A01
201700017148;1.0;1;0;0.0;2.0;1.0;13.0;A01
201700017176;2.0;1;0;0.0;2.0;3.0;1.0;B01
201700017194;2.0;1;0;0.0;2.0;8.0;1.0;B01
201700017207;0.0;1;0;0.0;0.0;0.0;1.0;A01
201700017227;0.0;1;0;13.0;0.0;0.0;1.0;A01
201700017249;0.0;1;0;0.0;0.0;0.0;1.0;A01
201700017255;0.0;1;0;0.0;2.0;1.0;16.0;A01
201700017270;0.0;1;0;13.0;0.0;0.0;1.0;A01
201700017275;1.0;1;0;0.0;0.0;4.0;1.0;B01
201700017287;0.0;1;0;0.0;0.0;0.0;1.0;A01
201700017293;1.0;1;0;0.0;2.0;8.0;19.0;B01
201700017301;1.0;1;0;0.0;2.0;1.0;1.0;A01
201700017309;2.0;1;0;0.0;2.0;1.0;1.0;A01
201700017309;2.0;1;0;0.0;2.0;1.0;1.0;B01
201700017315;0.0;1;0;0.0;2.0;8.0;15.0;A01
201700017319;1.0;1;0;0.0;0.0;4.0;1.0;B01
201700017320;2.0;1;0;0.0;2.0;1.0;15.0;A01
201700017324;2.0;1;0;16.0;0.0;9.0;21.0;A01
201700017328;2.0;1;0;0.0;2.0;1.0;19.0;A01
201700017357;1.0;1;0;0.0;0.0;4.0;1.0;B01
201700017375;2.0;1;0;0.0;2.0;4.0;2.0;B01
201700017383;1.0;1;0;0.0;2.0;1.0;19.0;A01
201700017412;0.0;1;0;0.0;2.0;1.0;1.0;B01
201700017416;1.0;1;0;0.0;2.0;7.0;16.0;B01
201700017417;1.0;1;0;0.0;2.0;2.0;19.0;A01
201700017418;0.0;1;0;0.0;2.0;1.0;19.0;A01
201700017419;2.0;1;0;0.0;2.0;1.0;15.0;A01
201700017429;1.0;1;0;0.0;2.0;8.0;1.0;B01
201700017431;2.0;1;0;0.0;2.0;1.0;5.0;B01
201700017439;1.0;1;0;0.0;0.0;7.0;1.0;B01
201700017440;2.0;1;0;0.0;2.0;1.0;1.0;B01
201700017450;1.0;1;0;0.0;2.0;7.0;1.0;B01
201700017457;0.0;1;0;0.0;2.0;7.0;19.0;A01
201700017464;2.0;1;0;0.0;2.0;1.0;15.0;A01
201700017476;0.0;1;0;0.0;0.0;8.0;19.0;B01
201700017488;0.0;1;0;8.0;0.0;1.0;0.0;A01
201700017494;0.0;1;0;0.0;2.0;7.0;16.0;B01
201700017500;0.0;1;0;0.0;2.0;2.0;1.0;B01
201700017525;1.0;1;0;0.0;2.0;4.0;1.0;B01
201700017546;0.0;1;0;16.0;0.0;0.0;2.0;A01
201700017550;0.0;1;0;0.0;0.0;1.0;23.0;B01
201700017588;1.0;1;0;1.0;0.0;1.0;1.0;B01
201700017588;1.0;1;0;0.0;2.0;1.0;1.0;C01
201700017598;1.0;1;0;0.0;2.0;7.0;1.0;B01
201700017612;0.0;1;0;0.0;2.0;1.0;17.0;B01
201700017619;1.0;1;0;0.0;0.0;0.0;21.0;A01
201700017647;1.0;1;0;0.0;2.0;1.0;1.0;B01
201700017679;1.0;1;0;0.0;0.0;0.0;1.0;B01
201700017701;1.0;1;0;0.0;0.0;4.0;2.0;B01
201700017734;0.0;1;0;0.0;0.0;6.0;1.0;B01
201700017735;0.0;1;0;0.0;2.0;8.0;15.0;B01
201700017739;1.0;1;0;0.0;2.0;4.0;2.0;B01
201700017748;1.0;1;0;0.0;2.0;8.0;15.0;B01
201700017785;0.0;1;0;0.0;2.0;8.0;19.0;A01
201700017796;1.0;1;0;0.0;2.0;1.0;13.0;A01
201700017796;2.0;1;0;0.0;0.0;1.0;1.0;B01
201700017810;1.0;1;0;0.0;2.0;7.0;19.0;A01
201700017859;0.0;1;0;0.0;0.0;0.0;0.0;A01
201700017870;2.0;1;0;0.0;2.0;1.0;1.0;B01
201700017874;2.0;1;0;0.0;2.0;1.0;1.0;B01
201700017884;0.0;1;0;0.0;2.0;1.0;1.0;B01
201700017884;0.0;1;0;0.0;0.0;7.0;1.0;A01
201700017905;0.0;1;0;0.0;0.0;1.0;1.0;A01
201700017927;2.0;1;0;11.0;2.0;1.0;19.0;B01
201700017932;2.0;1;0;0.0;2.0;7.0;1.0;B01
201700017934;0.0;1;0;0.0;4.0;1.0;1.0;B01
201700017947;2.0;1;0;0.0;0.0;7.0;1.0;A01
201700017953;2.0;1;0;15.0;0.0;0.0;1.0;A01
201700017954;0.0;1;0;0.0;0.0;8.0;1.0;B01
201700017955;0.0;1;0;0.0;0.0;1.0;1.0;A01
201700017972;2.0;1;0;1.0;0.0;1.0;1.0;A01
201700018016;2.0;1;0;0.0;0.0;7.0;1.0;A01
201700018050;0.0;1;0;12.0;0.0;1.0;1.0;A01
201700018062;0.0;1;0;0.0;0.0;7.0;1.0;B01
201700018064;2.0;1;0;0.0;2.0;1.0;1.0;B01