Num_Acc;senc;catv;occutc;obs;obsm;choc;manv;num_veh
201700027118;2.0;1;0;12.0;0.0;1.0;1.0;A01
201700027119;1.0;1;0;0.0;2.0;1.0;1.0;A01
201700027123;2.0;1;0;9.0;0.0;7.0;1.0;A01
201700027125;1.0;1;0;0.0;2.0;7.0;19.0;B01
201700027130;1.0;1;0;16.0;0.0;8.0;1.0;A01
201700027143;2.0;1;0;0.0;2.0;8.0;1.0;B01
201700027147;2.0;1;0;0.0;2.0;1.0;1.0;B01
201700027148;2.0;1;0;0.0;2.0;3.0;1.0;B01
201700027150;2.0;1;0;0.0;1.0;1.0;2.0;A01
201700027153;1.0;1;0;0.0;2.0;1.0;1.0;A01
201700027153;2.0;1;0;0.0;2.0;1.0;1.0;B01
201700027155;1.0;1;0;16.0;0.0;1.0;1.0;A01
201700027162;1.0;1;0;0.0;2.0;4.0;2.0;B01
201700027172;2.0;1;0;0.0;2.0;1.0;1.0;A01
201700027186;2.0;1;0;0.0;2.0;7.0;1.0;A01
201700027194;1.0;1;0;16.0;0.0;8.0;1.0;A01
201700027196;2.0;1;0;0.0;2.0;1.0;1.0;B01
201700027198;1.0;1;0;0.0;2.0;2.0;1.0;B01
201700027203;1.0;1;0;1.0;0.0;1.0;1.0;B01
201700027212;2.0;1;0;0.0;2.0;2.0;7.0;B01
201700027217;1.0;1;0;14.0;0.0;1.0;1.0;A01
201700027228;2.0;1;0;0.0;2.0;8.0;1.0;B01
201700027230;2.0;1;0;0.0;2.0;4.0;15.0;A01
201700027233;1.0;1;0;0.0;2.0;4.0;23.0;B01
201700027236;1.0;1;0;0.0;2.0;7.0;1.0;B01
201700027239;2.0;1;0;0.0;2.0;1.0;1.0;B01
201700027242;2.0;1;0;9.0;0.0;1.0;13.0;A01
201700027245;1.0;1;0;0.0;2.0;1.0;1.0;A01
201700027247;2.0;1;0;0.0;2.0;8.0;1.0;A01
201700027255;1.0;1;0;0.0;2.0;1.0;11.0;A01
201700027255;2.0;1;0;0.0;2.0;1.0;1.0;B01
201700027256;1.0;1;0;16.0;0.0;1.0;1.0;A01
201700027258;2.0;1;0;0.0;2.0;8.0;1.0;B01
201700027260;0.0;1;0;0.0;2.0;4.0;0.0;B01
201700027270;1.0;1;0;1.0;0.0;1.0;1.0;B01
201700027274;1.0;1;0;0.0;2.0;1.0;1.0;C01
201700027274;1.0;1;0;0.0;2.0;1.0;1.0;B01
201700027289;1.0;1;0;0.0;4.0;2.0;16.0;A01
201700027293;2.0;1;0;0.0;2.0;4.0;1.0;B01
201700027300;2.0;1;0;0.0;2.0;1.0;19.0;A01
201700027313;1.0;1;0;0.0;2.0;8.0;1.0;B01
201700027324;2.0;1;0;0.0;2.0;1.0;1.0;B01
201700027337;1.0;1;0;0.0;2.0;1.0;19.0;A01
201700027344;2.0;1;0;0.0;2.0;1.0;1.0;B01
201700027368;1.0;1;0;16.0;0.0;8.0;1.0;A01
201700027371;1.0;1;0;0.0;2.0;1.0;15.0;B01
201700027381;1.0;1;0;0.0;2.0;1.0;2.0;B01
201700027392;2.0;1;0;0.0;2.0;1.0;2.0;A01
201700027398;1.0;1;0;0.0;2.0;3.0;19.0;B01
201700027399;2.0;1;0;1.0;0.0;1.0;2.0;B01
201700027401;2.0;1;0;0.0;2.0;4.0;2.0;A01
201700027406;0.0;1;0;0.0;2.0;8.0;0.0;A01
201700027408;1.0;1;0;0.0;0.0;0.0;0.0;A01
201700027409;2.0;1;0;16.0;0.0;1.0;1.0;A01
201700027410;1.0;1;0;1.0;0.0;1.0;14.0;A01
201700027422;2.0;1;0;0.0;2.0;1.0;1.0;B01
201700027427;1.0;1;0;0.0;2.0;1.0;2.0;A01
201700027436;1.0;1;0;0.0;2.0;7.0;1.0;A01
201700027441;1.0;1;0;16.0;0.0;2.0;1.0;A01
201700027444;2.0;1;0;0.0;2.0;8.0;19.0;A01
201700027452;2.0;1;0;0.0;2.0;1.0;15.0;B01
201700027455;1.0;1;0;0.0;2.0;1.0;1.0;A01
201700027459;1.0;1;0;0.0;2.0;1.0;19.0;B01
201700027472;1.0;1;0;0.0;2.0;7.0;1.0;B01
201700027475;1.0;1;0;0.0;2.0;3.0;13.0;B01
201700027485;1.0;1;0;0.0;2.0;1.0;1.0;B01
201700027488;2.0;1;0;0.0;2.0;5.0;19.0;B01
201700027494;1.0;1;0;0.0;2.0;7.0;15.0;A01
201700027500;1.0;1;0;0.0;2.0;1.0;1.0;B01
201700027507;2.0;1;0;0.0;2.0;1.0;1.0;A01
201700027507;1.0;1;0;0.0;2.0;1.0;1.0;B01
201700027522;2.0;1;0;0.0;2.0;1.0;1.0;B01
201700027522;1.0;1;0;0.0;2.0;1.0;1.0;A01
201700027542;1.0;1;0;0.0;2.0;7.0;15.0;A01
201700027553;1.0;1;0;0.0;2.0;7.0;1.0;B01
201700027559;2.0;1;0;0.0;2.0;7.0;19.0;A01
201700027564;1.0;1;0;0.0;2.0;1.0;1.0;B01
201700027588;1.0;1;0;0.0;2.0;3.0;1.0;B01
201700027598;1.0;1;0;0.0;2.0;1.0;19.0;A01
201700027602;1.0;1;0;0.0;2.0;1.0;9.0;B01
201700027612;0.0;1;0;0.0;2.0;8.0;19.0;A01
201700027613;1.0;1;0;0.0;2.0;2.0;1.0;A01
201700027629;2.0;1;0;0.0;2.0;5.0;2.0;B01
201700027635;1.0;1;0;0.0;2.0;3.0;13.0;B01
201700027638;1.0;1;0;0.0;2.0;8.0;1.0;B01
201700027644;1.0;1;0;0.0;2.0;4.0;2.0;B01
201700027645;2.0;1;0;0.0;2.0;1.0;1.0;A01
201700027675;1.0;1;0;0.0;1.0;1.0;17.0;A01
201700027683;1.0;1;0;0.0;2.0;0.0;13.0;B01
201700027686;1.0;1;0;0.0;1.0;1.0;1.0;A01
201700027704;1.0;1;0;0.0;2.0;1.0;15.0;B01
201700027732;2.0;1;0;0.0;2.0;0.0;0.0;B01
201700027763;1.0;1;0;0.0;2.0;4.0;1.0;B01
201700027782;1.0;1;0;0.0;2.0;0.0;1.0;B01
201700027783;1.0;1;0;0.0;2.0;1.0;5.0;A01
201700027794;0.0;1;0;0.0;2.0;3.0;19.0;B01
201700027801;0.0;1;0;0.0;9.0;5.0;2.0;A01
201700027804;2.0;1;0;0.0;2.0;1.0;5.0;A01
201700027808;1.0;1;0;0.0;2.0;1.0;16.0;B01
201700027816;1.0;1;0;0.0;0.0;0.0;0.0;B01
201700027820;0.0;1;0;0.0;2.0;8.0;19.0;A01
201700027826;1.0;1;0;0.0;2.0;1.0;1.0;A01
201700027830;0.0;1;0;0.0;2.0;0.0;0.0;B01
201700027840;1.0;1;0;0.0;2.0;1.0;9.0;B01
201700027841;1.0;1;0;10.0;0.0;1.0;14.0;A01
201700027847;1.0;1;0;0.0;0.0;0.0;1.0;A01
201700027849;2.0;1;0;0.0;2.0;7.0;1.0;A01
201700027853;1.0;1;0;0.0;2.0;1.0;1.0;B01
201700027859;0.0;1;0;0.0;2.0;1.0;19.0;A01
201700027869;2.0;1;0;0.0;2.0;7.0;0.0;B01
201700027881;1.0;1;0;12.0;0.0;1.0;1.0;A01
201700027905;0.0;1;0;0.0;2.0;7.0;0.0;B01
201700027914;1.0;1;0;0.0;2.0;3.0;1.0;B01
201700027920;0.0;1;0;0.0;2.0;8.0;19.0;A01
201700027930;0.0;1;0;0.0;2.0;8.0;0.0;B01
201700027933;0.0;1;0;0.0;2.0;7.0;2.0;B01
201700027934;0.0;1;0;0.0;2.0;7.0;16.0;B01
201700027949;0.0;1;0;0.0;2.0;1.0;0.0;A01
201700027950;0.0;1;0;0.0;2.0;7.0;0.0;B01
201700027954;0.0;1;0;0.0;2.0;8.0;1.0;B01
201700027963;0.0;1;0;0.0;2.0;8.0;0.0;B01
201700027966;1.0;1;0;0.0;0.0;0.0;0.0;A01
201700027991;0.0;1;0;0.0;2.0;3.0;1.0;B01
201700027993;0.0;1;0;0.0;2.0;4.0;0.0;B01
201700028001;1.0;1;0;0.0;2.0;1.0;16.0;B01
201700028027;0.0;1;0;0.0;2.0;8.0;15.0;B01
201700028047;0.0;1;0;0.0;2.0;0.0;0.0;A01
201700028054;2.0;1;0;0.0;2.0;0.0;1.0;B01
201700028081;2.0;1;0;0.0;2.0;7.0;1.0;B01
201700028102;1.0;1;0;0.0;2.0;1.0;1.0;B01
201700028120;2.0;1;0;0.0;2.0;4.0;1.0;B01
201700028161;2.0;1;0;0.0;2.0;4.0;1.0;B01
201700028165;1.0;1;0;0.0;2.0;1.0;1.0;B01
201700028196;2.0;1;0;0.0;1.0;1.0;1.0;A01
201700028200;1.0;1;0;0.0;1.0;7.0;1.0;A01
201700028208;0.0;1;0;0.0;2.0;7.0;0.0;B01
201700028209;0.0;1;0;0.0;2.0;1.0;1.0;B01
201700028217;1.0;1;0;0.0;2.0;8.0;11.0;A01
201700028219;0.0;1;0;0.0;2.0;8.0;1.0;B01
201700028224;0.0;1;0;0.0;2.0;4.0;2.0;A01
201700028227;0.0;1;0;0.0;2.0;1.0;2.0;A01
201700028227;0.0;1;0;0.0;2.0;4.0;2.0;B01
201700028229;2.0;1;0;0.0;2.0;3.0;1.0;A01
201700028232;0.0;1;0;0.0;2.0;7.0;1.0;B01
201700028233;0.0;1;0;0.0;2.0;1.0;1.0;A01
201700028236;0.0;1;0;0.0;2.0;0.0;1.0;B01
201700028240;0.0;1;0;0.0;4.0;1.0;1.0;A01
201700028251;1.0;1;0;0.0;2.0;7.0;1.0;B01
201700028265;0.0;1;0;0.0;2.0;1.0;1.0;A01
201700028266;0.0;1;0;0.0;2.0;0.0;0.0;B01
201700028278;0.0;1;0;0.0;2.0;0.0;0.0;B01
201700028293;0.0;1;0;0.0;1.0;0.0;0.0;Z01
201700028295;0.0;1;0;0.0;4.0;0.0;1.0;A01
201700028298;1.0;1;0;0.0;2.0;8.0;0.0;B01
201700028302;0.0;1;0;0.0;1.0;0.0;0.0;Z01
201700028310;1.0;1;0;0.0;0.0;4.0;1.0;B01
201700028321;0.0;1;0;0.0;1.0;1.0;0.0;A01
201700028329;0.0;1;0;0.0;2.0;0.0;0.0;A01
201700028336;0.0;1;0;0.0;1.0;0.0;0.0;Z01
201700028341;0.0;1;0;0.0;2.0;1.0;1.0;B01
201700028350;0.0;1;0;0.0;2.0;1.0;1.0;B01
201700028351;0.0;1;0;1.0;0.0;0.0;1.0;B01
201700028352;0.0;1;0;0.0;2.0;0.0;1.0;B01
201700028357;0.0;1;0;0.0;0.0;0.0;1.0;A01
201700028362;0.0;1;0;0.0;2.0;0.0;1.0;B01
201700028363;0.0;1;0;0.0;0.0;0.0;1.0;B01
201700028364;0.0;1;0;0.0;2.0;1.0;1.0;B01
201700028373;0.0;1;0;0.0;2.0;0.0;1.0;B01
201700028378;0.0;1;0;0.0;2.0;0.0;1.0;B01
201700028389;0.0;1;0;0.0;2.0;0.0;1.0;B01
201700028401;1.0;1;0;1.0;2.0;8.0;2.0;B01
201700028404;1.0;1;0;0.0;2.0;0.0;1.0;B01
201700028409;0.0;1;0;0.0;1.0;0.0;1.0;A01
201700028411;0.0;1;0;0.0;2.0;4.0;15.0;B01
201700028412;0.0;1;0;0.0;2.0;8.0;1.0;A01
201700028414;0.0;1;0;0.0;2.0;1.0;1.0;B01
201700028417;0.0;1;0;0.0;2.0;1.0;1.0;A01
201700028425;0.0;1;0;0.0;0.0;2.0;16.0;A01
201700028430;0.0;1;0;0.0;2.0;1.0;16.0;B01
201700028434;0.0;1;0;0.0;2.0;0.0;1.0;A01
201700028436;0.0;1;0;0.0;2.0;0.0;1.0;B01
201700028444;0.0;1;0;0.0;2.0;0.0;5.0;A01
201700028445;0.0;1;0;0.0;2.0;0.0;0.0;B01
201700028455;0.0;1;0;0.0;0.0;0.0;1.0;B01
201700028456;0.0;1;0;0.0;0.0;0.0;1.0;B01
201700028468;0.0;1;0;0.0;2.0;0.0;1.0;B01
201700028470;1.0;1;0;0.0;2.0;8.0;1.0;B01
201700028471;0.0;1;0;0.0;2.0;0.0;1.0;B01
201700028479;0.0;1;0;0.0;2.0;3.0;1.0;A01
201700028482;0.0;1;0;0.0;2.0;8.0;1.0;A01
201700028488;0.0;1;0;0.0;2.0;7.0;15.0;A01
201700028505;0.0;1;0;1.0;0.0;1.0;1.0;B01
201700028514;0.0;1;0;0.0;2.0;1.0;5.0;A01
201700028524;0.0;1;0;0.0;2.0;1.0;1.0;A01
201700028531;2.0;1;0;0.0;2.0;0.0;2.0;A01
201700028543;0.0;1;0;0.0;2.0;1.0;1.0;B01
201700028545;0.0;1;0;0.0;2.0;1.0;1.0;B01
201700028555;0.0;1;0;0.0;2.0;1.0;1.0;B01
201700028560;0.0;1;0;0.0;2.0;1.0;1.0;B01
201700028563;0.0;1;0;0.0;2.0;1.0;1.0;B01
201700028570;0.0;1;0;0.0;2.0;8.0;1.0;B01
201700028571;1.0;1;0;0.0;2.0;8.0;1.0;B01
201700028572;0.0;1;0;0.0;2.0;0.0;1.0;B01
201700028595;1.0;1;0;0.0;2.0;8.0;19.0;B01
201700028602;1.0;1;0;0.0;0.0;0.0;1.0;A01
201700028631;0.0;1;0;0.0;0.0;0.0;0.0;B01
201700028639;0.0;1;0;0.0;0.0;0.0;0.0;A01
201700028640;0.0;1;0;0.0;0.0;4.0;2.0;B01
201700028651;1.0;1;0;0.0;2.0;1.0;5.0;B01
201700028699;1.0;1;0;0.0;2.0;2.0;1.0;B01
201700028702;1.0;1;0;0.0;2.0;1.0;1.0;B01
201700028715;1.0;1;0;0.0;2.0;7.0;19.0;B01
201700028732;0.0;1;0;0.0;0.0;3.0;19.0;B01
201700028750;1.0;1;0;0.0;0.0;0.0;0.0;Z01
201700028767;0.0;1;0;0.0;2.0;0.0;1.0;B01
201700028768;0.0;1;0;0.0;0.0;0.0;0.0;B01
201700028772;0.0;1;0;0.0;0.0;0.0;0.0;A01
201700028776;0.0;1;0;0.0;0.0;0.0;0.0;B01
201700028786;0.0;1;0;0.0;2.0;1.0;2.0;B01
201700028788;1.0;1;0;0.0;0.0;0.0;0.0;B01
201700028796;0.0;1;0;0.0;0.0;0.0;0.0;B01
201700028805;2.0;1;0;0.0;2.0;1.0;1.0;B01
201700028806;0.0;1;0;0.0;1.0;0.0;1.0;A01
201700028814;0.0;1;0;0.0;2.0;1.0;5.0;B01
201700028816;0.0;1;0;0.0;0.0;0.0;0.0;A01
201700028832;0.0;1;0;0.0;0.0;0.0;0.0;A01
201700028839;1.0;1;0;0.0;9.0;7.0;17.0;A01
201700028839;1.0;1;0;0.0;9.0;8.0;13.0;B01
201700028847;1.0;1;0;0.0;2.0;8.0;1.0;B01
201700028854;1.0;1;0;0.0;2.0;8.0;15.0;A01
201700028861;2.0;1;0;0.0;0.0;4.0;2.0;B01
201700028862;0.0;1;0;0.0;2.0;8.0;19.0;B01
201700028864;2.0;1;0;0.0;0.0;0.0;15.0;A01
201700028866;1.0;1;0;0.0;2.0;3.0;15.0;B01
201700028867;1.0;1;0;0.0;0.0;8.0;13.0;B01
201700028876;2.0;1;0;0.0;2.0;3.0;1.0;B01
201700028881;2.0;1;0;0.0;2.0;3.0;1.0;B01
201700028898;1.0;1;0;0.0;2.0;1.0;1.0;B01
201700028902;2.0;1;0;0.0;2.0;3.0;1.0;D01
201700028909;1.0;1;0;0.0;2.0;7.0;16.0;B01
201700028912;1.0;1;0;0.0;2.0;1.0;0.0;B01
201700028925;2.0;1;0;0.0;4.0;0.0;15.0;A01
201700028927;2.0;1;0;14.0;0.0;4.0;2.0;A01
201700028929;2.0;1;0;0.0;2.0;1.0;19.0;B01
201700028933;2.0;1;0;0.0;2.0;1.0;9.0;A01
201700028936;1.0;1;0;0.0;2.0;3.0;21.0;A01
201700028955;2.0;1;0;0.0;4.0;7.0;19.0;A01
201700028958;1.0;1;0;14.0;0.0;1.0;2.0;A01
201700028964;2.0;1;0;0.0;2.0;8.0;1.0;B01
201700028966;1.0;1;0;0.0;2.0;2.0;19.0;B01
201700028971;1.0;1;0;0.0;2.0;3.0;2.0;B01
201700028974;1.0;1;0;0.0;9.0;3.0;16.0;B01
201700028976;0.0;1;0;0.0;2.0;0.0;0.0;B01
201700028979;1.0;1;0;0.0;2.0;8.0;19.0;B01
201700028988;1.0;1;0;0.0;2.0;3.0;2.0;B01
201700028996;1.0;1;0;0.0;2.0;3.0;19.0;B01
201700029005;2.0;1;0;0.0;0.0;4.0;2.0;B01
201700029025;1.0;1;0;0.0;2.0;7.0;1.0;B01
201700029051;1.0;1;0;0.0;2.0;6.0;0.0;B01
201700029068;1.0;1;0;0.0;2.0;0.0;15.0;B01
201700029075;1.0;1;0;0.0;2.0;1.0;19.0;A01
201700029084;0.0;1;0;0.0;2.0;1.0;13.0;A01
201700029096;1.0;1;0;1.0;2.0;4.0;1.0;B01
201700029125;1.0;1;0;0.0;2.0;1.0;13.0;A01
201700029130;0.0;1;0;12.0;0.0;1.0;0.0;A01
201700029142;0.0;1;0;0.0;2.0;7.0;1.0;B01
201700029155;0.0;1;0;0.0;2.0;0.0;1.0;B01
201700029156;0.0;1;0;0.0;2.0;8.0;9.0;B01
201700029159;0.0;1;0;8.0;0.0;0.0;0.0;A01
201700029160;0.0;1;0;0.0;0.0;0.0;0.0;A01
201700029163;0.0;1;0;0.0;2.0;8.0;1.0;B01
201700029179;0.0;1;0;0.0;2.0;7.0;1.0;B01
201700029196;0.0;1;0;0.0;0.0;0.0;0.0;C01
201700029206;0.0;1;0;0.0;2.0;1.0;1.0;B01
201700029208;0.0;1;0;0.0;2.0;1.0;1.0;B01
201700029214;1.0;1;0;0.0;2.0;4.0;1.0;B01
201700029220;0.0;1;0;0.0;2.0;8.0;1.0;B01
201700029223;0.0;1;0;8.0;0.0;1.0;1.0;A01
201700029229;0.0;1;0;0.0;2.0;1.0;1.0;B01
201700029230;0.0;1;0;0.0;2.0;0.0;1.0;A01
201700029236;0.0;1;0;0.0;2.0;1.0;1.0;B01
201700029237;0.0;1;0;0.0;0.0;0.0;0.0;A01
201700029245;0.0;1;0;0.0;2.0;0.0;1.0;A01
201700029245;0.0;1;0;0.0;2.0;0.0;0.0;B01
201700029246;0.0;1;0;16.0;0.0;0.0;1.0;A01
201700029252;0.0;1;0;0.0;2.0;0.0;0.0;B01
201700029255;0.0;1;0;0.0;2.0;1.0;1.0;B01
201700029265;0.0;1;0;0.0;2.0;1.0;1.0;B01
201700029273;0.0;1;0;0.0;2.0;1.0;1.0;A01
201700029274;0.0;1;0;0.0;2.0;4.0;1.0;B01
201700029275;0.0;1;0;0.0;2.0;7.0;1.0;B01
201700029276;0.0;1;0;0.0;1.0;1.0;1.0;A01
201700029277;0.0;1;0;0.0;2.0;1.0;15.0;B01
201700029280;0.0;1;0;12.0;0.0;0.0;0.0;A01
201700029283;0.0;1;0;0.0;2.0;1.0;1.0;B01
201700029285;0.0;1;0;0.0;2.0;4.0;1.0;B01
201700029289;0.0;1;0;0.0;0.0;0.0;1.0;A01
201700029303;0.0;1;0;0.0;2.0;4.0;1.0;B01
201700029310;0.0;1;0;0.0;2.0;1.0;1.0;B01
201700029311;0.0;1;0;0.0;0.0;0.0;21.0;A01
201700029315;0.0;1;0;0.0;0.0;0.0;1.0;A01
201700029320;0.0;1;0;0.0;2.0;1.0;1.0;B01
201700029321;0.0;1;0;14.0;0.0;0.0;1.0;A01
201700029322;0.0;1;0;0.0;2.0;0.0;1.0;B01
201700029324;0.0;1;0;0.0;2.0;1.0;1.0;B01
201700029325;0.0;1;0;12.0;0.0;1.0;9.0;A01
201700029327;0.0;1;0;0.0;2.0;2.0;1.0;B01
201700029329;0.0;1;0;0.0;0.0;0.0;1.0;A01
201700029330;1.0;1;0;16.0;0.0;1.0;1.0;A01
201700029343;0.0;1;0;0.0;0.0;0.0;1.0;A01
201700029349;0.0;1;0;0.0;0.0;0.0;1.0;A01
201700029350;0.0;1;0;0.0;2.0;1.0;1.0;B01
201700029356;0.0;1;0;14.0;0.0;0.0;1.0;A01
201700029358;0.0;1;0;0.0;0.0;0.0;1.0;A01
201700029362;1.0;1;0;14.0;9.0;1.0;2.0;A01
201700029364;1.0;1;0;0.0;0.0;0.0;0.0;A01
201700029370;0.0;1;0;0.0;2.0;1.0;1.0;B01
201700029382;0.0;1;0;0.0;1.0;1.0;1.0;A01
201700029383;0.0;1;0;0.0;2.0;1.0;1.0;B01
201700029393;0.0;1;0;0.0;2.0;1.0;1.0;A01
201700029394;0.0;1;0;0.0;0.0;0.0;1.0;A01
201700029399;0.0;1;0;0.0;2.0;1.0;1.0;B01
201700029402;0.0;1;0;0.0;2.0;1.0;1.0;B01
201700029408;0.0;1;0;0.0;0.0;0.0;1.0;A01
201700029410;0.0;1;0;1.0;0.0;1.0;1.0;B01
201700029411;0.0;1;0;0.0;0.0;0.0;1.0;A01
201700029413;0.0;1;0;0.0;2.0;1.0;1.0;A01
201700029416;0.0;1;0;0.0;2.0;0.0;1.0;B01
201700029422;0.0;1;0;0.0;2.0;5.0;1.0;B01
201700029423;0.0;1;0;12.0;0.0;0.0;1.0;A01
201700029428;0.0;1;0;0.0;2.0;1.0;1.0;B01
201700029429;0.0;1;0;0.0;0.0;0.0;1.0;A01
201700029432;0.0;1;0;12.0;0.0;1.0;9.0;A01
201700029438;0.0;1;0;12.0;0.0;1.0;1.0;A01
201700029439;1.0;1;0;0.0;2.0;8.0;0.0;B01
201700029442;0.0;1;0;0.0;2.0;1.0;1.0;B01
201700029451;1.0;1;0;0.0;0.0;0.0;21.0;A01
201700029452;1.0;1;0;0.0;2.0;8.0;2.0;B01
201700029453;1.0;1;0;0.0;2.0;4.0;2.0;B01
201700029458;1.0;1;0;0.0;0.0;1.0;1.0;A01
201700029459;1.0;1;0;0.0;2.0;4.0;1.0;B01
201700029460;1.0;1;0;0.0;2.0;7.0;1.0;B01
201700029463;0.0;1;0;0.0;0.0;0.0;1.0;A01
201700029464;0.0;1;0;0.0;2.0;1.0;1.0;B01
201700029465;0.0;1;0;0.0;2.0;7.0;1.0;B01
201700029472;0.0;1;0;0.0;2.0;3.0;1.0;B01
201700029474;0.0;1;0;0.0;2.0;1.0;1.0;B01
201700029476;1.0;1;0;0.0;0.0;1.0;0.0;A01
201700029479;2.0;1;0;0.0;0.0;0.0;0.0;A01
201700029495;1.0;1;0;0.0;2.0;3.0;12.0;B01
201700029498;1.0;1;0;0.0;0.0;0.0;0.0;A01
201700029499;1.0;1;0;0.0;0.0;0.0;0.0;A01
201700029524;0.0;1;0;1.0;0.0;1.0;1.0;B01
201700029526;0.0;1;0;0.0;0.0;8.0;15.0;A01
201700029531;0.0;1;0;0.0;2.0;8.0;1.0;B01
201700029538;0.0;1;0;0.0;2.0;1.0;15.0;A01
201700029546;2.0;1;0;0.0;2.0;7.0;1.0;B01
201700029548;0.0;1;0;0.0;2.0;7.0;1.0;B01
201700029558;2.0;1;0;0.0;2.0;4.0;1.0;B01
201700029573;1.0;1;0;1.0;0.0;1.0;1.0;B01
201700029575;1.0;1;0;0.0;2.0;7.0;1.0;B01
201700029579;2.0;1;0;0.0;2.0;7.0;1.0;B01
201700029581;1.0;1;0;0.0;2.0;7.0;1.0;B01
201700029587;1.0;1;0;12.0;2.0;1.0;6.0;A01
201700029624;1.0;1;0;0.0;2.0;3.0;15.0;B01
201700029625;1.0;1;0;0.0;2.0;1.0;1.0;B01
201700029638;0.0;1;0;0.0;2.0;8.0;1.0;B01
201700029654;0.0;1;0;0.0;2.0;4.0;1.0;A01
201700029656;0.0;1;0;0.0;2.0;1.0;1.0;B01
201700029658;0.0;1;0;0.0;2.0;1.0;2.0;B01
201700029660;0.0;1;0;0.0;2.0;8.0;1.0;B01
201700029705;0.0;1;0;0.0;2.0;1.0;1.0;B01
201700029710;0.0;1;0;0.0;2.0;2.0;1.0;A01
201700029714;0.0;1;0;0.0;0.0;0.0;1.0;A01
201700029717;0.0;1;0;0.0;2.0;1.0;17.0;B01
201700029722;0.0;1;0;0.0;2.0;8.0;1.0;B01
201700029731;0.0;1;0;0.0;1.0;1.0;1.0;A01
201700029738;0.0;1;0;0.0;2.0;1.0;15.0;B01
201700029740;0.0;1;0;0.0;2.0;4.0;1.0;B01
201700029743;0.0;1;0;0.0;2.0;1.0;1.0;B01
201700029745;0.0;1;0;0.0;2.0;1.0;1.0;A01
201700029745;0.0;1;0;0.0;2.0;7.0;1.0;B01
201700029748;0.0;1;0;0.0;2.0;1.0;19.0;A01
201700029750;0.0;1;0;0.0;2.0;2.0;1.0;A01
201700029759;0.0;1;0;0.0;1.0;2.0;1.0;A01
201700029782;2.0;1;0;0.0;2.0;3.0;1.0;B01
201700029794;1.0;1;0;0.0;2.0;7.0;1.0;B01
201700029813;1.0;1;0;0.0;2.0;1.0;17.0;B01
201700029835;0.0;1;0;1.0;0.0;2.0;2.0;B01
201700029851;1.0;1;0;0.0;2.0;1.0;5.0;B01
201700029891;2.0;1;0;1.0;0.0;1.0;2.0;B01
201700029901;0.0;1;0;0.0;2.0;1.0;1.0;B01
201700029913;1.0;1;0;0.0;2.0;1.0;0.0;A01
201700029916;0.0;1;0;0.0;2.0;0.0;0.0;B01
201700029929;0.0;1;0;0.0;2.0;8.0;19.0;B01
201700029933;2.0;1;0;0.0;2.0;1.0;19.0;B01
201700029964;1.0;1;0;0.0;2.0;1.0;0.0;B01
201700029967;1.0;1;0;0.0;2.0;1.0;1.0;B01
201700029970;0.0;1;0;0.0;2.0;1.0;1.0;B01
201700030001;1.0;1;0;0.0;0.0;0.0;0.0;B01
201700030032;0.0;1;0;0.0;2.0;0.0;1.0;B01
201700030033;;1;0;;;;;B02
201700030050;1.0;1;0;1.0;0.0;6.0;19.0;A01
201700030051;1.0;1;0;0.0;2.0;7.0;0.0;B01