Num_Acc;senc;catv;occutc;obs;obsm;choc;manv;num_veh
201700037714;2.0;1;0;0.0;2.0;7.0;19.0;A01
201700037725;0.0;1;0;0.0;2.0;3.0;2.0;A01
201700037725;0.0;1;0;0.0;2.0;2.0;16.0;B01
201700037730;0.0;1;0;0.0;2.0;4.0;2.0;B01
201700037740;1.0;1;0;0.0;2.0;8.0;1.0;B01
201700037741;2.0;1;0;0.0;2.0;3.0;19.0;B01
201700037742;1.0;1;0;;0.0;0.0;0.0;A01
201700037743;1.0;1;0;0.0;2.0;7.0;21.0;B01
201700037751;1.0;1;0;0.0;2.0;4.0;1.0;B01
201700037757;2.0;1;0;0.0;2.0;7.0;1.0;B01
201700037761;1.0;1;0;0.0;2.0;8.0;13.0;B01
201700037767;2.0;1;0;0.0;2.0;4.0;2.0;B01
201700037769;1.0;1;0;0.0;2.0;4.0;1.0;B01
201700037788;1.0;1;0;0.0;2.0;6.0;15.0;B01
201700037790;1.0;1;0;9.0;0.0;1.0;1.0;A01
201700037798;1.0;1;0;0.0;2.0;2.0;19.0;B01
201700037832;2.0;1;0;0.0;2.0;1.0;1.0;B01
201700037869;1.0;1;0;0.0;1.0;2.0;1.0;A01
201700037871;0.0;1;0;0.0;2.0;1.0;1.0;B01
201700037878;2.0;1;0;0.0;2.0;1.0;1.0;B01
201700037890;1.0;1;0;0.0;2.0;1.0;1.0;B01
201700037897;1.0;1;0;0.0;2.0;4.0;2.0;B01
201700037897;1.0;1;0;0.0;2.0;4.0;2.0;C01
201700037901;1.0;1;0;0.0;2.0;4.0;1.0;B01
201700037927;1.0;1;0;0.0;2.0;8.0;15.0;B01
201700037965;2.0;1;0;0.0;2.0;1.0;9.0;A01
201700037971;2.0;1;0;0.0;1.0;3.0;1.0;A01
201700037973;2.0;1;0;1.0;0.0;2.0;17.0;A01
201700037984;1.0;1;0;0.0;2.0;7.0;1.0;B01
201700038004;2.0;1;0;0.0;2.0;3.0;1.0;B01
201700038035;2.0;1;0;0.0;2.0;5.0;1.0;B01
201700038083;1.0;1;0;0.0;2.0;8.0;16.0;B01
201700038135;2.0;1;0;0.0;2.0;1.0;1.0;B01
201700038170;1.0;1;0;1.0;0.0;1.0;14.0;A01
201700038182;2.0;1;0;0.0;2.0;8.0;1.0;B01
201700038190;2.0;1;0;0.0;2.0;2.0;12.0;B01
201700038191;0.0;1;0;0.0;2.0;2.0;19.0;A01
201700038233;2.0;1;0;0.0;0.0;0.0;9.0;A01
201700038234;1.0;1;0;0.0;2.0;1.0;1.0;B01
201700038277;1.0;1;0;0.0;2.0;3.0;0.0;A01
201700038277;2.0;1;0;0.0;2.0;3.0;1.0;B01
201700038319;;1;0;;2.0;1.0;1.0;A02
201700038334;2.0;1;0;6.0;0.0;3.0;13.0;A01
201700038335;2.0;1;0;0.0;2.0;4.0;13.0;B01
201700038336;1.0;1;0;0.0;2.0;4.0;16.0;B01
201700038343;2.0;1;0;0.0;0.0;7.0;0.0;A01
201700038348;2.0;1;0;0.0;2.0;7.0;1.0;B01
201700038349;1.0;1;0;0.0;2.0;0.0;16.0;B01
201700038355;1.0;1;0;0.0;2.0;1.0;1.0;B01
201700038378;2.0;1;0;0.0;2.0;5.0;13.0;B01
201700038382;1.0;1;0;0.0;2.0;1.0;1.0;A01
201700038389;1.0;1;0;0.0;2.0;1.0;1.0;A01
201700038401;2.0;1;0;0.0;2.0;7.0;12.0;A01
201700038406;0.0;1;0;0.0;2.0;7.0;1.0;B01
201700038415;0.0;1;0;0.0;2.0;1.0;1.0;B01
201700038418;1.0;1;0;0.0;2.0;1.0;1.0;M01
201700038421;1.0;1;0;0.0;2.0;4.0;1.0;B01
201700038441;1.0;1;0;0.0;2.0;8.0;1.0;A01
201700038468;0.0;1;0;0.0;2.0;7.0;1.0;A01
201700038499;2.0;1;0;0.0;0.0;0.0;1.0;A01
201700038540;1.0;1;0;0.0;2.0;1.0;19.0;A01
201700038551;1.0;1;0;0.0;2.0;1.0;1.0;A01
201700038561;2.0;1;0;0.0;2.0;7.0;1.0;B01
201700038597;0.0;1;0;0.0;2.0;1.0;1.0;A01
201700038619;1.0;1;0;0.0;2.0;1.0;19.0;B01
201700038626;1.0;1;0;0.0;2.0;4.0;1.0;B01
201700038629;1.0;1;0;0.0;1.0;1.0;1.0;A01
201700038771;0.0;1;0;0.0;2.0;4.0;2.0;A01
201700038772;0.0;1;0;0.0;0.0;0.0;0.0;A01
201700038797;1.0;1;0;0.0;2.0;1.0;16.0;B01
201700038842;0.0;1;0;0.0;2.0;1.0;15.0;B01
201700038846;1.0;1;0;0.0;2.0;1.0;15.0;B01
201700038848;2.0;1;0;0.0;2.0;6.0;19.0;C01
201700038848;2.0;1;0;0.0;2.0;8.0;19.0;B01
201700038877;1.0;1;0;0.0;2.0;4.0;2.0;B01
201700038880;1.0;1;0;0.0;1.0;1.0;1.0;A01
201700038898;0.0;1;0;0.0;2.0;1.0;1.0;B01
201700038899;1.0;1;0;0.0;2.0;1.0;1.0;B01
201700038924;2.0;1;0;0.0;2.0;4.0;2.0;B01
201700038926;1.0;1;0;0.0;2.0;1.0;19.0;B01
201700038930;1.0;1;0;0.0;2.0;1.0;1.0;B01
201700038945;1.0;1;0;0.0;2.0;1.0;1.0;B01
201700038949;2.0;1;0;0.0;2.0;8.0;19.0;B01
201700038961;1.0;1;0;0.0;2.0;7.0;1.0;B01
201700038965;1.0;1;0;0.0;2.0;7.0;19.0;B01
201700039008;0.0;1;0;0.0;2.0;8.0;1.0;B01
201700039009;1.0;1;0;0.0;2.0;6.0;15.0;B01
201700039027;2.0;1;0;0.0;2.0;1.0;1.0;B01
201700039032;2.0;1;0;0.0;2.0;1.0;1.0;B01
201700039035;1.0;1;0;0.0;1.0;1.0;1.0;A01
201700039038;1.0;1;0;0.0;2.0;8.0;16.0;B01
201700039055;1.0;1;0;0.0;2.0;8.0;19.0;A01
201700039066;2.0;1;0;0.0;2.0;1.0;5.0;A01
201700039077;0.0;1;0;0.0;2.0;8.0;1.0;B01
201700039086;2.0;1;0;0.0;2.0;1.0;15.0;B01
201700039125;1.0;1;0;0.0;1.0;1.0;1.0;A01
201700039139;2.0;1;0;0.0;2.0;1.0;19.0;A01
201700039146;1.0;1;0;0.0;2.0;4.0;2.0;B01
201700039156;1.0;1;0;0.0;2.0;8.0;19.0;B01
201700039156;1.0;1;0;0.0;2.0;8.0;19.0;C01
201700039158;2.0;1;0;0.0;2.0;1.0;19.0;B01
201700039171;1.0;1;0;0.0;2.0;8.0;9.0;B01
201700039175;1.0;1;0;0.0;2.0;1.0;1.0;B01
201700039178;1.0;1;0;0.0;2.0;1.0;1.0;B01
201700039191;1.0;1;0;0.0;2.0;1.0;1.0;B01
201700039194;1.0;1;0;0.0;2.0;0.0;0.0;B01
201700039200;2.0;1;0;0.0;2.0;0.0;1.0;B01
201700039205;1.0;1;0;0.0;2.0;1.0;1.0;B01
201700039211;1.0;1;0;0.0;2.0;1.0;15.0;A01
201700039215;0.0;1;0;0.0;2.0;1.0;1.0;B01
201700039236;1.0;1;0;0.0;0.0;0.0;1.0;A01
201700039242;0.0;1;0;0.0;2.0;1.0;15.0;B01
201700039246;0.0;1;0;0.0;2.0;1.0;1.0;B01
201700039254;2.0;1;0;0.0;2.0;1.0;1.0;B01
201700039271;0.0;1;0;0.0;2.0;1.0;15.0;A01
201700039278;0.0;1;0;0.0;0.0;4.0;12.0;B01
201700039313;2.0;1;0;0.0;1.0;1.0;1.0;A01
201700039335;1.0;1;0;0.0;2.0;1.0;1.0;B01
201700039337;1.0;1;0;0.0;2.0;1.0;1.0;B01
201700039359;2.0;1;0;0.0;2.0;1.0;1.0;B01
201700039362;1.0;1;0;0.0;2.0;1.0;19.0;B01
201700039428;0.0;1;0;0.0;2.0;0.0;5.0;A01
201700039430;0.0;1;0;0.0;2.0;0.0;1.0;B01
201700039434;0.0;1;0;0.0;2.0;0.0;10.0;A01
201700039448;0.0;1;0;0.0;2.0;0.0;1.0;B01
201700039451;0.0;1;0;0.0;2.0;0.0;0.0;B01
201700039482;0.0;1;0;0.0;2.0;1.0;1.0;B01
201700039539;2.0;1;0;1.0;0.0;7.0;1.0;B01
201700039549;1.0;1;0;0.0;2.0;7.0;1.0;B01
201700039566;1.0;1;0;0.0;2.0;3.0;1.0;B01
201700039603;0.0;1;0;0.0;2.0;7.0;17.0;A01
201700039609;2.0;1;0;0.0;2.0;6.0;19.0;B01
201700039615;1.0;1;0;1.0;0.0;1.0;1.0;B01
201700039616;1.0;1;0;0.0;2.0;1.0;15.0;B01
201700039649;1.0;1;0;0.0;2.0;4.0;17.0;B01
201700039667;1.0;1;0;0.0;2.0;1.0;1.0;B01
201700039671;1.0;1;0;0.0;2.0;1.0;1.0;A01
201700039728;0.0;1;0;0.0;2.0;8.0;1.0;B01
201700039732;0.0;1;0;0.0;2.0;8.0;1.0;B01
201700039745;0.0;1;0;0.0;2.0;1.0;1.0;B01
201700039753;2.0;1;0;0.0;2.0;8.0;15.0;A01
201700039763;1.0;1;0;0.0;2.0;4.0;13.0;A01
201700039782;1.0;1;0;0.0;2.0;1.0;5.0;B01
201700039783;2.0;1;0;0.0;2.0;1.0;1.0;B01
201700039793;2.0;1;0;0.0;2.0;8.0;19.0;B01
201700039795;1.0;1;0;0.0;2.0;1.0;1.0;B01
201700039806;2.0;1;0;0.0;2.0;4.0;1.0;B01
201700039860;0.0;1;0;0.0;2.0;8.0;19.0;B01
201700039876;0.0;1;0;0.0;2.0;6.0;9.0;B01
201700039885;0.0;1;0;0.0;2.0;1.0;0.0;A01
201700039887;1.0;1;0;0.0;1.0;1.0;0.0;A01
201700039889;0.0;1;0;0.0;2.0;1.0;10.0;B01
201700039891;0.0;1;0;9.0;0.0;1.0;0.0;A01
201700039896;0.0;1;0;0.0;0.0;0.0;0.0;B01
201700039908;0.0;1;0;0.0;0.0;1.0;0.0;B01
201700039914;1.0;1;0;0.0;2.0;0.0;0.0;B01
201700039923;1.0;1;0;0.0;2.0;9.0;19.0;B01
201700039924;1.0;1;0;0.0;2.0;1.0;1.0;A01
201700039933;1.0;1;0;0.0;2.0;1.0;1.0;B01
201700039935;1.0;1;0;1.0;2.0;8.0;17.0;B01
201700039955;1.0;1;0;0.0;2.0;7.0;2.0;A01
201700039963;1.0;1;0;1.0;0.0;1.0;1.0;Y01
201700039965;1.0;1;0;0.0;2.0;1.0;1.0;B01
201700039999;1.0;1;0;1.0;0.0;1.0;17.0;B01
201700040000;1.0;1;0;0.0;1.0;1.0;17.0;A01
201700040004;2.0;1;0;1.0;0.0;1.0;21.0;B01
201700040006;1.0;1;0;0.0;2.0;4.0;7.0;C01
201700040048;1.0;1;0;0.0;2.0;1.0;1.0;A01
201700040049;2.0;1;0;0.0;2.0;1.0;17.0;B01
201700040052;1.0;1;0;0.0;2.0;1.0;1.0;A01
201700040070;0.0;1;0;12.0;0.0;1.0;0.0;A01
201700040084;0.0;1;0;0.0;0.0;8.0;0.0;A01
201700040094;0.0;1;0;1.0;0.0;1.0;1.0;A01
201700040114;1.0;1;0;0.0;2.0;1.0;1.0;B01
201700040115;2.0;1;0;0.0;1.0;1.0;16.0;A01
201700040133;1.0;1;0;0.0;2.0;8.0;2.0;B01
201700040143;2.0;1;0;0.0;1.0;1.0;1.0;A01
201700040147;0.0;1;0;0.0;2.0;8.0;5.0;B01
201700040170;0.0;1;0;0.0;2.0;8.0;0.0;B01
201700040178;0.0;1;0;1.0;0.0;1.0;1.0;B01
201700040182;0.0;1;0;0.0;2.0;4.0;1.0;A01
201700040190;0.0;1;0;0.0;2.0;2.0;19.0;A01
201700040200;0.0;1;0;0.0;2.0;1.0;9.0;B01
201700040224;1.0;1;0;0.0;2.0;1.0;21.0;B01
201700040227;1.0;1;0;0.0;2.0;1.0;1.0;B01
201700040229;1.0;1;0;0.0;9.0;0.0;0.0;B01
201700040231;1.0;1;0;0.0;2.0;3.0;18.0;B01
201700040238;1.0;1;0;0.0;2.0;1.0;1.0;B01
201700040246;1.0;1;0;0.0;2.0;1.0;1.0;B01
201700040249;1.0;1;0;0.0;2.0;1.0;0.0;B01
201700040251;1.0;1;0;0.0;1.0;1.0;1.0;B01
201700040257;1.0;1;0;0.0;2.0;1.0;1.0;P01
201700040266;1.0;1;0;1.0;2.0;8.0;9.0;B01
201700040281;0.0;1;0;0.0;1.0;1.0;1.0;A01
201700040304;0.0;1;0;0.0;2.0;1.0;19.0;A01
201700040314;0.0;1;0;0.0;2.0;8.0;1.0;B01
201700040334;1.0;1;0;14.0;0.0;1.0;1.0;A01
201700040379;1.0;1;0;0.0;2.0;8.0;18.0;B01
201700040409;0.0;1;0;0.0;1.0;1.0;1.0;A01
201700040415;2.0;1;0;0.0;2.0;3.0;19.0;B01
201700040421;1.0;1;0;0.0;0.0;0.0;1.0;A01
201700040422;1.0;1;0;0.0;2.0;1.0;1.0;B01
201700040442;0.0;1;0;0.0;0.0;0.0;1.0;A01
201700040452;0.0;1;0;0.0;2.0;1.0;1.0;B01
201700040453;0.0;1;0;0.0;2.0;1.0;1.0;B01
201700040454;0.0;1;0;0.0;2.0;1.0;1.0;B01
201700040468;0.0;1;0;0.0;2.0;1.0;0.0;B01
201700040473;0.0;1;0;0.0;2.0;1.0;7.0;B01
201700040487;0.0;1;0;0.0;2.0;6.0;19.0;B01
201700040522;2.0;1;0;0.0;1.0;1.0;1.0;A01
201700040533;2.0;1;0;0.0;2.0;4.0;2.0;B01
201700040543;1.0;1;0;0.0;0.0;4.0;16.0;B01
201700040544;2.0;1;0;0.0;2.0;4.0;1.0;B01
201700040564;1.0;1;0;0.0;2.0;0.0;15.0;A01
201700040570;1.0;1;0;0.0;2.0;1.0;1.0;B01
201700040579;1.0;1;0;0.0;2.0;2.0;15.0;A01
201700040596;1.0;1;0;1.0;0.0;7.0;2.0;B01
201700040637;0.0;1;0;0.0;0.0;0.0;0.0;B01
201700040660;0.0;1;0;0.0;0.0;0.0;0.0;A01
201700040671;1.0;1;0;0.0;2.0;0.0;21.0;B01
201700040673;1.0;1;0;0.0;2.0;2.0;5.0;B01
201700040718;1.0;1;0;0.0;1.0;2.0;16.0;Z01
201700040745;2.0;1;0;0.0;1.0;0.0;0.0;A01
201700040770;1.0;1;0;0.0;2.0;1.0;1.0;B01
201700040817;0.0;1;0;0.0;1.0;1.0;0.0;A01
201700040850;2.0;1;0;0.0;1.0;1.0;1.0;A01
201700040920;2.0;1;0;0.0;2.0;1.0;16.0;A01
201700040923;2.0;1;0;0.0;2.0;1.0;1.0;B01
201700040931;1.0;1;0;0.0;2.0;4.0;1.0;B01
201700040940;1.0;1;0;0.0;2.0;1.0;2.0;A01
201700040941;2.0;1;0;0.0;2.0;1.0;5.0;B01
201700040946;2.0;1;0;0.0;2.0;1.0;1.0;B01
201700040948;1.0;1;0;0.0;2.0;7.0;2.0;B01
201700040951;1.0;1;0;0.0;2.0;3.0;19.0;B01
201700040980;2.0;1;0;0.0;2.0;3.0;1.0;A01
201700040983;1.0;1;0;1.0;0.0;8.0;1.0;B01
201700041008;0.0;1;0;1.0;0.0;1.0;0.0;A01
201700041025;0.0;1;0;0.0;2.0;1.0;1.0;B01
201700041028;0.0;1;0;0.0;2.0;0.0;1.0;B01
201700041030;0.0;1;0;0.0;2.0;8.0;1.0;B01
201700041069;1.0;1;0;0.0;2.0;1.0;18.0;B01
201700041083;1.0;1;0;0.0;2.0;2.0;17.0;B01
201700041091;1.0;1;0;0.0;2.0;8.0;19.0;B01
201700041102;1.0;1;0;0.0;2.0;1.0;1.0;B01
201700041106;1.0;1;0;0.0;2.0;1.0;18.0;B01
201700041113;1.0;1;0;0.0;2.0;1.0;1.0;A01
201700041117;1.0;1;0;0.0;2.0;8.0;19.0;A01
201700041138;0.0;1;0;0.0;2.0;1.0;9.0;B01
201700041144;0.0;1;0;0.0;1.0;1.0;1.0;A01
201700041158;0.0;1;0;0.0;2.0;1.0;1.0;B01
201700041159;0.0;1;0;0.0;2.0;1.0;1.0;B01
201700041187;1.0;1;0;0.0;2.0;9.0;2.0;B01
201700041189;1.0;1;0;1.0;0.0;1.0;17.0;B01
201700041213;1.0;1;0;0.0;1.0;1.0;1.0;A01
201700041215;2.0;1;0;0.0;2.0;1.0;15.0;B01
201700041217;1.0;1;0;0.0;0.0;1.0;1.0;A01
201700041220;1.0;1;0;0.0;2.0;3.0;15.0;A01
201700041233;1.0;1;0;0.0;2.0;1.0;1.0;B01
201700041247;2.0;1;0;12.0;0.0;1.0;1.0;A01
201700041258;0.0;1;0;0.0;2.0;3.0;2.0;B01
201700041260;0.0;1;0;0.0;2.0;1.0;1.0;B01
201700041261;0.0;1;0;0.0;2.0;1.0;0.0;A01
201700041265;0.0;1;0;0.0;2.0;8.0;1.0;B01
201700041266;0.0;1;0;0.0;1.0;1.0;0.0;A01
201700041276;0.0;1;0;0.0;2.0;8.0;19.0;A01
201700041280;0.0;1;0;0.0;2.0;8.0;21.0;A01
201700041338;2.0;1;0;0.0;2.0;6.0;1.0;B01
201700041382;2.0;1;0;0.0;2.0;1.0;5.0;B01
201700041385;1.0;1;0;0.0;2.0;8.0;2.0;B01
201700041400;2.0;1;0;1.0;0.0;0.0;9.0;B01
201700041406;1.0;1;0;0.0;2.0;1.0;2.0;B01
201700041409;1.0;1;0;0.0;2.0;4.0;19.0;B01
201700041426;1.0;1;0;0.0;2.0;7.0;2.0;B01
201700041439;2.0;1;0;0.0;2.0;8.0;19.0;A01
201700041448;0.0;1;0;0.0;2.0;1.0;0.0;B01
201700041509;1.0;1;0;0.0;2.0;0.0;2.0;B01
201700041516;1.0;1;0;0.0;2.0;3.0;16.0;B01
201700041600;1.0;1;0;0.0;2.0;8.0;19.0;B01
201700041670;1.0;1;0;0.0;2.0;4.0;1.0;B01
201700041730;2.0;1;0;0.0;2.0;4.0;1.0;A01
201700041749;1.0;1;0;0.0;2.0;1.0;1.0;B01
201700041851;0.0;1;0;0.0;2.0;2.0;0.0;A01
201700041858;0.0;1;0;0.0;2.0;8.0;9.0;B01
201700041867;1.0;1;0;0.0;0.0;1.0;0.0;A01
201700041870;2.0;1;0;0.0;2.0;1.0;9.0;B01
201700041879;1.0;1;0;0.0;2.0;3.0;21.0;B01
201700041885;1.0;1;0;0.0;2.0;3.0;2.0;A01
201700041905;1.0;1;0;0.0;2.0;2.0;1.0;B01
201700041908;1.0;1;0;0.0;2.0;6.0;19.0;A01
201700041971;1.0;1;0;1.0;9.0;1.0;2.0;B01
201700042058;1.0;1;0;0.0;2.0;1.0;17.0;A01
201700042059;0.0;1;0;1.0;0.0;1.0;0.0;B01
201700042070;0.0;1;0;0.0;2.0;1.0;0.0;A01
201700042071;0.0;1;0;1.0;0.0;1.0;17.0;B01
201700042078;1.0;1;0;0.0;2.0;8.0;15.0;B01
201700042139;0.0;1;0;0.0;2.0;8.0;1.0;B01
201700042148;0.0;1;0;0.0;2.0;1.0;0.0;B01
201700042172;2.0;1;0;0.0;2.0;1.0;9.0;B01
201700042176;1.0;1;0;0.0;4.0;1.0;15.0;B01
201700042180;1.0;1;0;0.0;2.0;1.0;1.0;A01
201700042191;1.0;1;0;1.0;9.0;1.0;3.0;C01
201700042197;1.0;1;0;0.0;2.0;4.0;14.0;B01
201700042275;2.0;1;0;0.0;2.0;8.0;2.0;A01
201700042305;0.0;1;0;0.0;2.0;0.0;1.0;B01
201700042320;1.0;1;0;1.0;0.0;1.0;2.0;C01
201700042336;1.0;1;0;0.0;9.0;0.0;18.0;A01
201700042350;2.0;1;0;0.0;2.0;3.0;9.0;B01
201700042358;1.0;1;0;0.0;0.0;1.0;1.0;B01
201700042359;1.0;1;0;0.0;2.0;7.0;0.0;B01
201700042360;1.0;1;0;0.0;2.0;6.0;2.0;B01
201700042363;2.0;1;0;0.0;2.0;3.0;0.0;B01
201700042414;1.0;1;0;0.0;2.0;1.0;19.0;B01
201700042457;0.0;1;0;0.0;0.0;1.0;1.0;Y01
201700042522;2.0;1;0;0.0;2.0;3.0;0.0;B01
201700042531;0.0;1;0;0.0;2.0;1.0;21.0;B01
201700042545;1.0;1;0;0.0;2.0;7.0;1.0;B01
201700042551;2.0;1;0;0.0;2.0;8.0;9.0;B01
201700042565;2.0;1;0;0.0;2.0;1.0;1.0;B01
201700042569;1.0;1;0;0.0;2.0;1.0;2.0;B01
201700042577;2.0;1;0;0.0;1.0;8.0;3.0;A01
201700042580;1.0;1;0;0.0;2.0;8.0;19.0;B01
201700042582;1.0;1;0;0.0;2.0;1.0;1.0;B01
201700042584;2.0;1;0;0.0;2.0;7.0;19.0;Y01
201700042588;2.0;1;0;0.0;2.0;5.0;15.0;A01
201700042592;1.0;1;0;0.0;2.0;1.0;0.0;B01
201700042609;2.0;1;0;0.0;2.0;1.0;5.0;B01
201700042632;1.0;1;0;0.0;2.0;1.0;1.0;B01
201700042743;1.0;1;0;0.0;2.0;3.0;9.0;B01
201700042787;1.0;1;0;0.0;2.0;8.0;16.0;B01
201700042806;1.0;1;0;0.0;2.0;6.0;2.0;A01
201700042821;1.0;1;0;0.0;1.0;1.0;9.0;A01
201700042856;1.0;1;0;0.0;0.0;0.0;1.0;A01
201700042895;2.0;1;0;0.0;2.0;7.0;1.0;B01
201700042903;2.0;1;0;0.0;2.0;2.0;1.0;B01
201700042974;2.0;1;0;0.0;1.0;1.0;2.0;A01
201700043050;2.0;1;0;0.0;2.0;4.0;1.0;B01
201700043066;0.0;1;0;0.0;2.0;8.0;2.0;A01
201700043197;1.0;1;0;1.0;2.0;5.0;19.0;A01
201700043217;1.0;1;0;0.0;1.0;1.0;2.0;A01
201700043244;1.0;1;0;0.0;9.0;0.0;9.0;B01
201700043306;2.0;1;0;0.0;2.0;1.0;1.0;A01
201700043324;1.0;1;0;1.0;0.0;0.0;1.0;B01
201700043328;2.0;1;0;0.0;2.0;1.0;2.0;B01
201700043354;0.0;1;0;0.0;2.0;1.0;2.0;A01
201700043424;1.0;1;0;0.0;2.0;7.0;1.0;Y01
201700043435;0.0;1;0;0.0;1.0;1.0;1.0;A01
201700043473;0.0;1;0;0.0;2.0;7.0;2.0;B01
201700043505;2.0;1;0;0.0;2.0;7.0;2.0;A01
201700043506;2.0;1;0;0.0;1.0;1.0;1.0;A01
201700043508;1.0;1;0;0.0;2.0;1.0;15.0;B01
201700043518;1.0;1;0;0.0;2.0;1.0;0.0;B01
201700043520;0.0;1;0;0.0;2.0;0.0;0.0;B01
201700043597;2.0;1;0;0.0;2.0;1.0;1.0;A01
201700043609;2.0;1;0;0.0;2.0;7.0;1.0;B01
201700043610;2.0;1;0;0.0;1.0;8.0;0.0;A01
201700043619;1.0;1;0;0.0;1.0;1.0;1.0;A01
201700043633;0.0;1;0;0.0;2.0;8.0;1.0;A01
201700043640;2.0;1;0;1.0;0.0;2.0;21.0;B01
201700043646;1.0;1;0;0.0;2.0;1.0;16.0;A01
201700043652;1.0;1;0;;;4.0;1.0;A02
201700043694;0.0;1;0;0.0;2.0;2.0;9.0;B01
201700043707;2.0;1;0;0.0;2.0;7.0;19.0;A01
201700043721;2.0;1;0;0.0;2.0;1.0;5.0;B01
201700043767;2.0;1;0;0.0;2.0;7.0;19.0;B01
201700043788;0.0;1;0;0.0;2.0;1.0;17.0;B01
201700043789;0.0;1;0;0.0;2.0;1.0;1.0;B01
201700043792;0.0;1;0;0.0;2.0;8.0;0.0;B01
201700043799;0.0;1;0;0.0;2.0;1.0;1.0;B01
201700043812;0.0;1;0;0.0;0.0;1.0;0.0;A01
201700043840;0.0;1;0;0.0;2.0;1.0;1.0;B01
201700043845;0.0;1;0;0.0;2.0;4.0;1.0;B01
201700043846;0.0;1;0;1.0;0.0;1.0;0.0;B01
201700043858;0.0;1;0;0.0;2.0;1.0;1.0;B01
201700043870;0.0;1;0;0.0;2.0;8.0;19.0;B01
201700043877;1.0;1;0;0.0;2.0;1.0;1.0;B01
201700043888;2.0;1;0;0.0;2.0;1.0;13.0;A01
201700043889;1.0;1;0;0.0;2.0;4.0;2.0;B01
201700043921;0.0;1;0;0.0;2.0;1.0;19.0;B01
201700043924;2.0;1;0;0.0;2.0;1.0;5.0;A01
201700043956;2.0;1;0;11.0;0.0;2.0;14.0;B01
201700043961;1.0;1;0;0.0;2.0;8.0;19.0;A01
201700043989;1.0;1;0;0.0;0.0;8.0;19.0;B01
201700044065;1.0;1;0;0.0;2.0;8.0;19.0;B02
201700044076;1.0;1;0;;2.0;8.0;1.0;B02
201700044078;1.0;1;0;0.0;2.0;1.0;1.0;A01
201700044078;2.0;1;0;0.0;2.0;1.0;1.0;B01
201700044079;1.0;1;0;0.0;0.0;0.0;16.0;A01
201700044129;1.0;1;0;0.0;2.0;0.0;1.0;B01
201700044132;1.0;1;0;0.0;0.0;0.0;2.0;Z01
201700044174;1.0;1;0;1.0;0.0;1.0;7.0;B01
201700044255;0.0;1;0;0.0;2.0;1.0;15.0;B01
201700044292;0.0;1;0;0.0;2.0;8.0;9.0;B01
201700044293;0.0;1;0;0.0;2.0;8.0;19.0;B01
201700044299;0.0;1;0;0.0;2.0;7.0;9.0;B01
201700044306;0.0;1;0;0.0;2.0;1.0;2.0;B01
201700044315;0.0;1;0;0.0;2.0;1.0;19.0;B01
201700044334;0.0;1;0;0.0;1.0;1.0;2.0;A01
201700044342;0.0;1;0;0.0;2.0;7.0;0.0;B01
201700044368;2.0;1;0;0.0;2.0;1.0;19.0;B01
201700044386;0.0;1;0;0.0;2.0;1.0;1.0;B01
201700044409;1.0;1;0;0.0;2.0;7.0;19.0;B01
201700044424;1.0;1;0;0.0;2.0;3.0;19.0;B01
201700044438;1.0;1;0;0.0;2.0;1.0;1.0;A01