Num_Acc;senc;catv;occutc;obs;obsm;choc;manv;num_veh
201700055678;0.0;1;0;0.0;2.0;1.0;1.0;B01
201700055683;1.0;1;0;0.0;2.0;1.0;1.0;B01
201700055690;2.0;1;0;0.0;2.0;0.0;19.0;B01
201700055691;2.0;1;0;0.0;2.0;0.0;1.0;B01
201700055704;1.0;1;0;0.0;2.0;1.0;1.0;B01
201700055717;2.0;1;0;0.0;2.0;1.0;1.0;B01
201700055720;1.0;1;0;0.0;0.0;0.0;1.0;Z01
201700055724;1.0;1;0;0.0;2.0;4.0;13.0;A01
201700055740;1.0;1;0;0.0;1.0;1.0;1.0;A01
201700055743;2.0;1;0;0.0;2.0;7.0;1.0;B01
201700055767;2.0;1;0;0.0;1.0;7.0;2.0;A01
201700055775;2.0;1;0;0.0;2.0;0.0;1.0;B01
201700055777;2.0;1;0;0.0;2.0;3.0;1.0;A01
201700055790;2.0;1;0;0.0;1.0;1.0;1.0;A01
201700055794;1.0;1;0;0.0;2.0;6.0;18.0;A01
201700055818;2.0;1;0;0.0;0.0;0.0;21.0;A01
201700055819;1.0;1;0;0.0;1.0;0.0;5.0;Z01
201700055828;2.0;1;0;0.0;1.0;1.0;1.0;A01
201700055848;2.0;1;0;0.0;2.0;8.0;1.0;B01
201700055853;1.0;1;0;1.0;2.0;2.0;1.0;B01
201700055868;1.0;1;0;1.0;2.0;7.0;1.0;B01
201700055870;2.0;1;0;0.0;2.0;4.0;23.0;B01
201700055876;1.0;1;0;0.0;1.0;1.0;1.0;A01
201700055885;1.0;1;0;0.0;2.0;7.0;16.0;A01
201700055890;2.0;1;0;0.0;2.0;3.0;11.0;A01
201700055895;2.0;1;0;0.0;2.0;8.0;1.0;B01
201700055899;2.0;1;0;0.0;2.0;1.0;2.0;A01
201700055908;1.0;1;0;0.0;1.0;1.0;1.0;A01
201700055928;2.0;1;0;0.0;2.0;2.0;1.0;A01
201700055930;2.0;1;0;0.0;2.0;1.0;5.0;A01
201700055939;2.0;1;0;0.0;2.0;7.0;19.0;B01
201700055991;0.0;1;0;0.0;2.0;5.0;13.0;A01
201700055996;2.0;1;0;0.0;2.0;8.0;19.0;B01
201700056014;1.0;1;0;1.0;2.0;8.0;1.0;B01
201700056015;2.0;1;0;0.0;2.0;8.0;1.0;A01
201700056028;1.0;1;0;16.0;1.0;6.0;1.0;A01
201700056036;1.0;1;0;0.0;2.0;1.0;1.0;A01
201700056039;2.0;1;0;0.0;2.0;2.0;16.0;B01
201700056046;1.0;1;0;0.0;1.0;7.0;1.0;A01
201700056072;2.0;1;0;0.0;2.0;1.0;15.0;A01
201700056097;2.0;1;0;0.0;2.0;0.0;1.0;A01
201700056116;0.0;1;0;0.0;2.0;1.0;2.0;A01
201700056117;2.0;1;0;0.0;2.0;7.0;17.0;B01
201700056118;1.0;1;0;0.0;2.0;1.0;1.0;B01
201700056123;1.0;1;0;0.0;2.0;7.0;1.0;B01
201700056124;2.0;1;0;0.0;2.0;8.0;19.0;B01
201700056130;1.0;1;0;1.0;2.0;7.0;1.0;B01
201700056137;0.0;1;0;0.0;2.0;2.0;9.0;A01
201700056142;2.0;1;0;0.0;2.0;7.0;1.0;B01
201700056144;2.0;1;0;0.0;2.0;1.0;1.0;B01
201700056146;2.0;1;0;0.0;2.0;8.0;1.0;A01
201700056153;1.0;1;0;0.0;2.0;1.0;1.0;B01
201700056173;0.0;1;0;0.0;2.0;1.0;1.0;B01
201700056174;0.0;1;0;0.0;2.0;8.0;19.0;B01
201700056176;0.0;1;0;0.0;2.0;7.0;19.0;B01
201700056199;1.0;1;0;1.0;0.0;1.0;7.0;A01
201700056215;1.0;1;0;0.0;2.0;4.0;15.0;B01
201700056218;1.0;1;0;1.0;0.0;1.0;14.0;A01
201700056228;1.0;1;0;0.0;2.0;1.0;15.0;A01
201700056230;2.0;1;0;0.0;2.0;1.0;1.0;B01
201700056234;2.0;1;0;1.0;2.0;2.0;1.0;B01
201700056238;2.0;1;0;0.0;2.0;8.0;18.0;B01
201700056241;1.0;1;0;0.0;2.0;1.0;1.0;B01
201700056277;2.0;1;0;0.0;2.0;1.0;2.0;A01
201700056283;2.0;1;0;0.0;2.0;1.0;1.0;B01
201700056290;1.0;1;0;0.0;2.0;1.0;1.0;B01
201700056293;2.0;1;0;0.0;2.0;8.0;19.0;B01
201700056302;2.0;1;0;0.0;2.0;8.0;16.0;B01
201700056309;2.0;1;0;0.0;2.0;8.0;18.0;B01
201700056314;2.0;1;0;0.0;2.0;3.0;1.0;B01
201700056323;0.0;1;0;0.0;2.0;1.0;1.0;B01
201700056326;1.0;1;0;0.0;2.0;1.0;13.0;A01
201700056356;1.0;1;0;0.0;2.0;8.0;1.0;B01
201700056366;2.0;1;0;0.0;2.0;2.0;10.0;A01
201700056380;2.0;1;0;0.0;1.0;1.0;5.0;A01
201700056406;2.0;1;0;1.0;2.0;2.0;1.0;B01
201700056408;2.0;1;0;1.0;2.0;1.0;1.0;B01
201700056421;1.0;1;0;0.0;2.0;5.0;1.0;A01
201700056425;2.0;1;0;0.0;2.0;2.0;17.0;B01
201700056458;0.0;1;0;0.0;2.0;0.0;10.0;B01
201700056460;1.0;1;0;1.0;2.0;1.0;1.0;B01
201700056464;0.0;1;0;1.0;0.0;3.0;2.0;A01
201700056469;1.0;1;0;0.0;2.0;1.0;1.0;A01
201700056477;2.0;1;0;0.0;2.0;1.0;18.0;B01
201700056487;1.0;1;0;0.0;1.0;1.0;1.0;A01
201700056490;1.0;1;0;0.0;2.0;7.0;17.0;A01
201700056530;1.0;1;0;0.0;2.0;7.0;1.0;A01
201700056536;0.0;1;0;0.0;2.0;0.0;1.0;B01
201700056539;1.0;1;0;0.0;2.0;2.0;1.0;A01
201700056542;0.0;1;0;0.0;2.0;1.0;1.0;B01
201700056548;2.0;1;0;0.0;2.0;1.0;23.0;B01
201700056552;1.0;1;0;0.0;1.0;1.0;1.0;A01
201700056558;1.0;1;0;0.0;1.0;8.0;1.0;A01
201700056564;1.0;1;0;1.0;2.0;1.0;1.0;A01
201700056567;1.0;1;0;0.0;2.0;3.0;1.0;B01
201700056583;1.0;1;0;0.0;2.0;8.0;1.0;B01
201700056587;1.0;1;0;0.0;2.0;3.0;7.0;B01
201700056597;1.0;1;0;0.0;2.0;1.0;1.0;B01
201700056616;1.0;1;0;0.0;0.0;0.0;14.0;A01
201700056618;1.0;1;0;1.0;0.0;1.0;21.0;A01
201700056626;1.0;1;0;1.0;2.0;1.0;1.0;A01
201700056630;0.0;1;0;0.0;1.0;1.0;1.0;A01
201700056632;1.0;1;0;0.0;2.0;1.0;1.0;B01
201700056633;1.0;1;0;0.0;1.0;8.0;1.0;A01
201700056636;0.0;1;0;0.0;2.0;1.0;19.0;B01
201700056654;2.0;1;0;0.0;2.0;1.0;1.0;B01
201700056661;1.0;1;0;0.0;2.0;1.0;7.0;A01
201700056715;2.0;1;0;0.0;0.0;0.0;1.0;A01
201700056719;2.0;1;0;0.0;2.0;3.0;1.0;A01
201700056734;1.0;1;0;0.0;2.0;0.0;11.0;B01
201700056748;1.0;1;0;0.0;1.0;1.0;1.0;A01
201700056749;1.0;1;0;1.0;2.0;0.0;1.0;B01
201700056754;2.0;1;0;4.0;0.0;7.0;14.0;A01
201700056757;1.0;1;0;0.0;2.0;9.0;7.0;B01
201700056769;2.0;1;0;0.0;2.0;6.0;1.0;B01
201700056779;1.0;1;0;0.0;2.0;3.0;1.0;A01
201700056793;1.0;1;0;0.0;1.0;8.0;1.0;A01
201700056806;2.0;1;0;0.0;1.0;1.0;1.0;A01
201700056807;1.0;1;0;0.0;2.0;8.0;7.0;B01
201700056826;2.0;1;0;0.0;2.0;3.0;1.0;B01
201700056827;2.0;1;0;0.0;9.0;7.0;7.0;B01
201700056829;2.0;1;0;0.0;2.0;8.0;19.0;B01
201700056838;1.0;1;0;0.0;2.0;1.0;1.0;B01
201700056843;1.0;1;0;0.0;2.0;1.0;2.0;A01
201700056878;1.0;1;0;0.0;1.0;1.0;1.0;A01
201700056883;2.0;1;0;0.0;1.0;1.0;1.0;A01
201700056897;2.0;1;0;0.0;2.0;0.0;15.0;A01
201700056903;1.0;1;0;0.0;1.0;4.0;21.0;A01
201700056904;1.0;1;0;0.0;2.0;1.0;1.0;B01
201700056913;2.0;1;0;0.0;2.0;1.0;1.0;A01
201700056925;1.0;1;0;0.0;1.0;0.0;1.0;A01
201700056927;1.0;1;0;0.0;2.0;4.0;16.0;A01
201700056939;1.0;1;0;1.0;0.0;1.0;14.0;A01
201700056942;1.0;1;0;0.0;2.0;1.0;1.0;B01
201700056945;1.0;1;0;0.0;2.0;1.0;2.0;A01
201700056958;1.0;1;0;0.0;2.0;1.0;2.0;A01
201700056962;2.0;1;0;0.0;2.0;8.0;1.0;B01
201700056965;1.0;1;0;0.0;2.0;1.0;17.0;A01
201700056973;2.0;1;0;0.0;2.0;7.0;1.0;A01
201700056975;1.0;1;0;0.0;2.0;1.0;1.0;B01
201700056982;1.0;1;0;0.0;2.0;1.0;1.0;A01
201700056993;1.0;1;0;0.0;1.0;1.0;7.0;A01
201700057006;1.0;1;0;0.0;;0.0;21.0;A01
201700057010;1.0;1;0;0.0;2.0;8.0;7.0;B01
201700057013;1.0;1;0;0.0;2.0;8.0;1.0;A01
201700057015;1.0;1;0;0.0;2.0;0.0;1.0;B01
201700057017;1.0;1;0;0.0;1.0;1.0;1.0;A01
201700057039;1.0;1;0;0.0;2.0;1.0;1.0;B01
201700057050;1.0;1;0;0.0;2.0;1.0;2.0;A01
201700057063;2.0;1;0;0.0;2.0;0.0;15.0;A01
201700057069;2.0;1;0;0.0;2.0;7.0;19.0;A01
201700057070;1.0;1;0;0.0;2.0;1.0;1.0;A01
201700057071;2.0;1;0;0.0;2.0;1.0;19.0;A01
201700057073;2.0;1;0;0.0;2.0;0.0;1.0;B01
201700057074;1.0;1;0;0.0;2.0;8.0;13.0;B01
201700057081;0.0;1;0;0.0;2.0;4.0;19.0;B01
201700057094;2.0;1;0;0.0;1.0;1.0;1.0;A01
201700057105;1.0;1;0;0.0;2.0;0.0;1.0;B01
201700057108;2.0;1;0;0.0;2.0;1.0;13.0;B01
201700057113;1.0;1;0;0.0;1.0;7.0;5.0;A01
201700057114;1.0;1;0;0.0;2.0;8.0;1.0;A01
201700057121;2.0;1;0;0.0;1.0;1.0;1.0;A01
201700057133;2.0;1;0;0.0;2.0;8.0;19.0;B01
201700057146;2.0;1;0;0.0;2.0;2.0;5.0;B01
201700057159;1.0;1;0;0.0;1.0;1.0;1.0;A01
201700057161;1.0;1;0;0.0;2.0;0.0;13.0;B01
201700057167;1.0;1;0;0.0;2.0;1.0;12.0;A01
201700057180;2.0;1;0;0.0;2.0;1.0;1.0;B01
201700057182;1.0;1;0;0.0;1.0;1.0;1.0;A01
201700057191;2.0;1;0;0.0;2.0;8.0;2.0;B01
201700057203;2.0;1;0;0.0;2.0;3.0;13.0;B01
201700057214;2.0;1;0;0.0;0.0;0.0;15.0;A01
201700057245;1.0;1;0;0.0;2.0;1.0;15.0;B01
201700057246;1.0;1;0;0.0;2.0;4.0;1.0;C01
201700057246;1.0;1;0;0.0;2.0;4.0;1.0;B01
201700057256;2.0;1;0;0.0;2.0;1.0;1.0;A01
201700057262;0.0;1;0;0.0;2.0;3.0;19.0;A01
201700057281;2.0;1;0;0.0;2.0;8.0;1.0;B01
201700057296;2.0;1;0;0.0;1.0;1.0;1.0;A01
201700057301;1.0;1;0;0.0;2.0;1.0;14.0;A01
201700057308;2.0;1;0;1.0;0.0;1.0;13.0;A01
201700057309;2.0;1;0;0.0;1.0;1.0;1.0;A01
201700057312;0.0;1;0;1.0;0.0;1.0;1.0;A01
201700057313;2.0;1;0;0.0;2.0;1.0;1.0;A01
201700057319;1.0;1;0;0.0;2.0;4.0;17.0;A01
201700057330;1.0;1;0;0.0;0.0;7.0;21.0;A01
201700057334;2.0;1;0;0.0;2.0;0.0;1.0;B01
201700057337;2.0;1;0;0.0;2.0;0.0;16.0;B01
201700057340;0.0;1;0;0.0;2.0;8.0;19.0;B01
201700057341;1.0;1;0;0.0;2.0;1.0;9.0;B01
201700057347;1.0;1;0;0.0;2.0;1.0;1.0;B01
201700057349;1.0;1;0;0.0;2.0;2.0;1.0;B01
201700057351;1.0;1;0;0.0;2.0;8.0;1.0;B01
201700057368;0.0;1;0;1.0;2.0;0.0;13.0;B01
201700057369;2.0;1;0;0.0;2.0;0.0;1.0;B01
201700057370;2.0;1;0;1.0;1.0;0.0;5.0;A01
201700057373;0.0;1;0;0.0;1.0;1.0;0.0;A01
201700057375;1.0;1;0;14.0;0.0;1.0;7.0;A01
201700057378;1.0;1;0;0.0;1.0;7.0;1.0;A01
201700057379;1.0;1;0;0.0;2.0;1.0;1.0;B01
201700057381;1.0;1;0;0.0;2.0;4.0;1.0;B01
201700057382;1.0;1;0;0.0;1.0;1.0;1.0;A01
201700057397;2.0;1;0;0.0;2.0;0.0;1.0;A01
201700057404;1.0;1;0;0.0;1.0;1.0;1.0;A01
201700057408;2.0;1;0;0.0;2.0;4.0;1.0;A01
201700057409;1.0;1;0;1.0;0.0;4.0;13.0;A01
201700057429;1.0;1;0;0.0;1.0;8.0;2.0;A01
201700057441;1.0;1;0;0.0;2.0;1.0;1.0;A01
201700057446;2.0;1;0;0.0;2.0;1.0;9.0;A01
201700057446;2.0;1;0;0.0;2.0;1.0;1.0;B01
201700057447;1.0;1;0;0.0;2.0;0.0;1.0;A01
201700057447;2.0;1;0;0.0;2.0;3.0;16.0;B01
201700057448;2.0;1;0;0.0;2.0;1.0;1.0;A01
201700057463;1.0;1;0;0.0;2.0;4.0;23.0;B01
201700057472;1.0;1;0;0.0;2.0;1.0;1.0;B01
201700057474;2.0;1;0;0.0;2.0;1.0;19.0;B01
201700057484;2.0;1;0;0.0;2.0;6.0;18.0;B01
201700057491;1.0;1;0;0.0;2.0;0.0;7.0;B01
201700057492;1.0;1;0;0.0;1.0;1.0;1.0;A01
201700057515;2.0;1;0;0.0;1.0;1.0;1.0;A01
201700057517;2.0;1;0;0.0;2.0;8.0;18.0;B01
201700057531;1.0;1;0;0.0;2.0;1.0;1.0;B01
201700057538;2.0;1;0;0.0;2.0;4.0;15.0;B01
201700057556;1.0;1;0;0.0;2.0;0.0;1.0;B01
201700057559;1.0;1;0;0.0;2.0;1.0;15.0;B01
201700057566;2.0;1;0;0.0;2.0;8.0;1.0;B01
201700057573;1.0;1;0;0.0;1.0;1.0;1.0;A01
201700057574;2.0;1;0;0.0;2.0;1.0;1.0;B01
201700057602;2.0;1;0;0.0;1.0;1.0;1.0;A01
201700057604;1.0;1;0;1.0;1.0;1.0;1.0;A01
201700057605;1.0;1;0;0.0;2.0;9.0;3.0;B01
201700057606;1.0;1;0;12.0;0.0;0.0;1.0;A01
201700057614;1.0;1;0;0.0;2.0;1.0;1.0;A01
201700057664;2.0;1;0;1.0;2.0;0.0;1.0;B01
201700057666;1.0;1;0;0.0;0.0;0.0;1.0;A01
201700057667;2.0;1;0;0.0;1.0;1.0;1.0;A01
201700057670;1.0;1;0;0.0;2.0;8.0;19.0;B01
201700057682;2.0;1;0;0.0;1.0;1.0;1.0;A01
201700057683;1.0;1;0;0.0;2.0;1.0;1.0;B01
201700057686;2.0;1;0;0.0;1.0;1.0;1.0;A01
201700057694;1.0;1;0;0.0;2.0;0.0;1.0;B01
201700057711;1.0;1;0;0.0;1.0;7.0;1.0;Z01
201700057712;2.0;1;0;0.0;2.0;1.0;1.0;B01
201700057745;2.0;1;0;0.0;2.0;7.0;1.0;B01
201700057811;2.0;1;0;0.0;1.0;0.0;1.0;A01
201700057815;2.0;1;0;0.0;2.0;8.0;1.0;B01
201700057828;1.0;1;0;0.0;0.0;0.0;15.0;A01
201700057831;1.0;1;0;0.0;2.0;1.0;9.0;A01
201700057836;2.0;1;0;0.0;2.0;1.0;1.0;B01
201700057841;1.0;1;0;0.0;2.0;0.0;7.0;B01
201700057871;1.0;1;0;1.0;2.0;1.0;7.0;B01
201700057873;0.0;1;0;0.0;0.0;0.0;9.0;A01
201700057894;2.0;1;0;0.0;2.0;8.0;18.0;B01
201700057915;1.0;1;0;0.0;2.0;6.0;1.0;B01
201700057917;1.0;1;0;0.0;2.0;1.0;19.0;A01
201700057950;2.0;1;0;0.0;2.0;4.0;1.0;B01
201700057955;1.0;1;0;0.0;2.0;1.0;13.0;A01
201700057955;2.0;1;0;0.0;2.0;1.0;1.0;B01
201700057962;1.0;1;0;0.0;1.0;1.0;1.0;A01
201700057964;1.0;1;0;0.0;2.0;1.0;1.0;B01
201700057974;2.0;1;0;0.0;1.0;1.0;1.0;A01
201700057976;1.0;1;0;0.0;1.0;1.0;7.0;A01
201700057979;0.0;1;0;0.0;2.0;1.0;2.0;A01
201700058004;1.0;1;0;0.0;2.0;0.0;1.0;B01
201700058009;1.0;1;0;0.0;2.0;1.0;1.0;B01
201700058009;1.0;1;0;0.0;2.0;1.0;19.0;A01
201700058019;2.0;1;0;0.0;1.0;7.0;1.0;A01
201700058060;1.0;1;0;0.0;2.0;8.0;16.0;B01
201700058071;2.0;1;0;0.0;2.0;2.0;1.0;A01
201700058652;2.0;1;0;0.0;2.0;2.0;13.0;B01
201700058657;0.0;1;0;0.0;2.0;8.0;19.0;B01
201700058673;1.0;1;0;0.0;2.0;3.0;1.0;B01
201700058687;0.0;1;0;0.0;2.0;8.0;1.0;B01
201700058701;1.0;1;0;0.0;2.0;1.0;13.0;B01
201700058736;1.0;1;0;0.0;0.0;4.0;11.0;B01
201700058789;1.0;1;0;0.0;2.0;4.0;2.0;B01
201700058841;1.0;1;0;0.0;2.0;1.0;16.0;A01
201700058843;2.0;1;0;0.0;2.0;1.0;1.0;B01
201700058851;1.0;1;0;0.0;2.0;9.0;1.0;B01
201700058862;0.0;1;0;0.0;2.0;0.0;13.0;B01
201700058873;0.0;1;0;14.0;0.0;1.0;5.0;B01
201700058875;0.0;1;0;0.0;2.0;7.0;19.0;B01
201700058881;2.0;1;0;0.0;2.0;4.0;9.0;B01
201700058884;0.0;1;0;0.0;2.0;7.0;19.0;B01
201700058895;1.0;1;0;0.0;2.0;4.0;13.0;B01
201700058903;1.0;1;0;0.0;2.0;0.0;1.0;B01
201700058912;2.0;1;0;0.0;2.0;1.0;5.0;B01
201700058920;2.0;1;0;0.0;0.0;4.0;1.0;B01
201700058926;2.0;1;0;0.0;2.0;1.0;15.0;B01
201700058929;0.0;1;0;0.0;2.0;3.0;15.0;B01
201700058935;2.0;1;0;0.0;2.0;1.0;1.0;B01
201700058937;1.0;1;0;0.0;2.0;8.0;19.0;A01
201700058958;2.0;1;0;0.0;0.0;0.0;1.0;A01
201700058968;1.0;1;0;0.0;2.0;2.0;19.0;B01
201700058991;0.0;1;0;0.0;2.0;3.0;1.0;B01
201700059006;1.0;1;0;0.0;2.0;1.0;15.0;B01
201700059009;1.0;1;0;0.0;2.0;8.0;13.0;A01
201700059028;2.0;1;0;0.0;2.0;4.0;1.0;B01
201700059058;0.0;1;0;0.0;2.0;1.0;1.0;A01
201700059062;0.0;1;0;0.0;2.0;1.0;3.0;B01
201700059089;0.0;1;0;0.0;2.0;0.0;5.0;A01
201700059092;1.0;1;0;0.0;2.0;1.0;2.0;B01
201700059118;1.0;1;0;0.0;0.0;7.0;2.0;B01
201700059120;0.0;1;0;0.0;2.0;1.0;2.0;B01
201700059122;2.0;1;0;0.0;2.0;8.0;1.0;B01
201700059140;1.0;1;0;0.0;2.0;4.0;1.0;B01
201700059161;2.0;1;0;0.0;2.0;8.0;1.0;B01
201700059175;1.0;1;0;3.0;2.0;6.0;19.0;B01
201700059178;1.0;1;0;0.0;2.0;0.0;2.0;A01
201700059185;0.0;1;0;0.0;0.0;1.0;1.0;B01
201700059191;2.0;1;0;0.0;2.0;8.0;19.0;B01
201700059211;2.0;1;0;0.0;2.0;1.0;1.0;B01
201700059242;2.0;1;0;0.0;2.0;1.0;21.0;B01
201700059244;2.0;1;0;0.0;2.0;8.0;15.0;A01
201700059262;1.0;1;0;0.0;2.0;8.0;19.0;A01
201700059317;0.0;1;0;0.0;0.0;0.0;1.0;A01
201700059348;2.0;1;0;0.0;2.0;7.0;17.0;B01
201700059358;0.0;1;0;15.0;0.0;1.0;15.0;A01
201700059394;1.0;1;0;0.0;1.0;1.0;1.0;A01
201700059398;2.0;1;0;0.0;2.0;1.0;1.0;B01
201700059418;0.0;1;0;0.0;2.0;2.0;17.0;B01
201700059420;2.0;1;0;0.0;2.0;1.0;13.0;A01
201700059423;2.0;1;0;0.0;2.0;7.0;13.0;A01
201700059427;2.0;1;0;0.0;2.0;4.0;13.0;B01
201700059449;1.0;1;0;1.0;0.0;0.0;0.0;A01
201700059460;1.0;1;0;0.0;2.0;1.0;9.0;A01
201700059489;1.0;1;0;0.0;2.0;0.0;0.0;B01
201700059502;0.0;1;0;0.0;2.0;1.0;9.0;B01
201700059513;1.0;1;0;0.0;2.0;0.0;0.0;B01
201700059528;1.0;1;0;0.0;2.0;4.0;2.0;B01
201700059546;1.0;1;0;0.0;2.0;1.0;23.0;B01
201700059635;2.0;1;0;16.0;0.0;1.0;14.0;A01
201700059690;1.0;1;0;0.0;2.0;1.0;19.0;B01
201700059695;2.0;1;0;0.0;2.0;8.0;1.0;B01
201700059712;1.0;1;0;0.0;0.0;0.0;0.0;C01
201700059714;1.0;1;0;0.0;2.0;1.0;2.0;A01
201700059714;1.0;1;0;0.0;2.0;4.0;1.0;B01
201700059715;1.0;1;0;0.0;2.0;6.0;1.0;B01
201700059724;0.0;1;0;0.0;0.0;0.0;0.0;B01
201700059728;1.0;1;0;0.0;0.0;0.0;0.0;B01
201700059740;1.0;1;0;0.0;2.0;4.0;2.0;B01
201700059740;1.0;1;0;0.0;2.0;4.0;2.0;C01
201700059749;1.0;1;0;0.0;2.0;4.0;15.0;B01
201700059807;1.0;1;0;0.0;2.0;2.0;1.0;B01
201700059813;1.0;1;0;0.0;2.0;8.0;0.0;B01
201700059814;1.0;1;0;0.0;2.0;2.0;0.0;B01
201700059835;0.0;1;0;0.0;2.0;8.0;5.0;A01
201700059840;0.0;1;0;0.0;2.0;1.0;5.0;A01
201700059841;0.0;1;0;0.0;2.0;4.0;1.0;A01
201700059846;0.0;1;0;0.0;0.0;0.0;0.0;A01
201700059854;0.0;1;0;0.0;2.0;1.0;19.0;A01
201700059885;2.0;1;0;0.0;2.0;7.0;14.0;A01
201700059887;0.0;1;0;0.0;2.0;8.0;13.0;B01
201700059888;0.0;1;0;0.0;2.0;8.0;9.0;B01
201700059909;1.0;1;0;0.0;0.0;0.0;0.0;Z01
201700059925;0.0;1;0;0.0;2.0;7.0;1.0;B01
201700059941;1.0;1;0;0.0;2.0;1.0;1.0;A01
201700059954;1.0;1;0;0.0;2.0;1.0;1.0;B01
201700059956;1.0;1;0;0.0;2.0;8.0;2.0;B01
201700059959;0.0;1;0;0.0;2.0;7.0;1.0;B01
201700059960;1.0;1;0;0.0;2.0;1.0;1.0;B01
201700059973;2.0;1;0;0.0;2.0;1.0;1.0;B01
201700059976;1.0;1;0;0.0;9.0;8.0;15.0;B01
201700059995;2.0;1;0;0.0;2.0;1.0;13.0;A01
201700060000;2.0;1;0;0.0;2.0;1.0;19.0;B01
201700060020;1.0;1;0;0.0;2.0;1.0;23.0;B01
201700060023;1.0;1;0;0.0;0.0;0.0;7.0;B01
201700060031;1.0;1;0;0.0;2.0;0.0;2.0;B01
201700060039;1.0;1;0;0.0;2.0;6.0;19.0;A01
201700060040;1.0;1;0;0.0;2.0;4.0;1.0;B01
201700060044;1.0;1;0;0.0;2.0;1.0;1.0;B01
201700060051;2.0;1;0;0.0;2.0;0.0;13.0;A01
201700060064;1.0;1;0;0.0;2.0;1.0;1.0;B01
201700060083;1.0;1;0;0.0;2.0;1.0;16.0;B01
201700060150;1.0;1;0;9.0;2.0;4.0;7.0;B01
201700060154;1.0;1;0;1.0;0.0;1.0;21.0;A01
201700060168;1.0;1;0;0.0;2.0;1.0;1.0;B01
201700060175;1.0;1;0;1.0;0.0;1.0;1.0;B01
201700060202;1.0;1;0;0.0;2.0;0.0;0.0;B01
201700060212;2.0;1;0;0.0;2.0;8.0;1.0;B01
201700060248;1.0;1;0;0.0;2.0;8.0;15.0;B01
201700060258;1.0;1;0;1.0;0.0;1.0;2.0;B01
201700060263;2.0;1;0;0.0;2.0;1.0;5.0;B01
201700060268;1.0;1;0;0.0;2.0;0.0;0.0;B01
201700060286;1.0;1;0;0.0;2.0;1.0;1.0;B01
201700060289;1.0;1;0;0.0;2.0;3.0;15.0;B01
201700060300;1.0;1;0;0.0;9.0;8.0;9.0;A01
201700060336;1.0;1;0;0.0;1.0;1.0;13.0;A01
201700060342;2.0;1;0;0.0;2.0;1.0;9.0;A01
201700060353;2.0;1;0;0.0;2.0;1.0;11.0;B01
201700060359;1.0;1;0;0.0;1.0;0.0;0.0;A01
201700060361;1.0;1;0;0.0;2.0;4.0;13.0;B01
201700060395;1.0;1;0;0.0;0.0;0.0;0.0;B01
201700060397;1.0;1;0;0.0;2.0;3.0;5.0;A01
201700060405;1.0;1;0;0.0;2.0;4.0;1.0;B01
201700060414;1.0;1;0;0.0;2.0;1.0;1.0;B01
201700060419;2.0;1;0;14.0;0.0;0.0;1.0;A01
201700060502;2.0;1;0;0.0;2.0;1.0;2.0;B01
201700060519;1.0;1;0;0.0;1.0;1.0;2.0;A01
201700060634;2.0;1;0;0.0;2.0;4.0;0.0;B01
201700060653;1.0;1;0;14.0;9.0;6.0;17.0;B01
201700060692;2.0;1;0;0.0;1.0;1.0;19.0;B01